dataset,instance,num_nodes,team_size,runs,reference_best_score,best_score,mean_score,std_score,mean_cpu_time_seconds,median_cpu_time_seconds,mean_iterations_to_convergence,success_rate_percent,mean_gap_to_reference_best_percent,max_gap_to_reference_best_percent
chao,p4.2.a.txt,100,2,2,194.0,194.0,194.0,0.0,0.052515500000026805,0.052515500000026805,1.5,100.0,0.0,0.0
chao,p4.2.b.txt,100,2,2,321.0,321.0,321.0,0.0,0.07317725000029895,0.07317725000029895,13.0,100.0,0.0,0.0
chao,p4.2.c.txt,100,2,2,432.0,432.0,411.0,29.698484809834994,0.10941744999990988,0.10941744999990988,9.5,50.0,4.861111111111112,9.722222222222223
chao,p4.2.d.txt,100,2,2,518.0,518.0,506.0,16.97056274847714,0.14838085000064893,0.14838085000064893,16.5,50.0,2.3166023166023164,4.633204633204633
chao,p4.2.e.txt,100,2,2,606.0,606.0,601.0,7.0710678118654755,0.17184429999952044,0.17184429999952044,8.0,50.0,0.825082508250825,1.65016501650165
chao,p4.2.f.txt,100,2,2,654.0,654.0,651.5,3.5355339059327378,0.1893779000001814,0.1893779000001814,18.0,50.0,0.382262996941896,0.764525993883792
chao,p4.2.g.txt,100,2,2,721.0,721.0,718.5,3.5355339059327378,0.22124574999998003,0.22124574999998003,11.5,50.0,0.34674063800277394,0.6934812760055479
chao,p4.2.h.txt,100,2,2,771.0,771.0,764.5,9.192388155425117,0.24062964999984615,0.24062964999984615,11.0,50.0,0.8430609597924773,1.6861219195849546
chao,p4.2.i.txt,100,2,2,840.0,840.0,820.0,28.284271247461902,0.27609219999931156,0.27609219999931156,9.5,50.0,2.380952380952381,4.761904761904762
chao,p4.2.j.txt,100,2,2,896.0,896.0,889.0,9.899494936611665,0.2766406499999903,0.2766406499999903,10.5,50.0,0.78125,1.5625
chao,p4.2.k.txt,100,2,2,951.0,951.0,938.0,18.384776310850235,0.31864325000015015,0.31864325000015015,5.5,50.0,1.3669821240799158,2.7339642481598316
chao,p4.2.l.txt,100,2,2,1009.0,1009.0,1002.5,9.192388155425117,0.3028485000004366,0.3028485000004366,12.0,50.0,0.6442021803766105,1.288404360753221
chao,p4.2.m.txt,100,2,2,1083.0,1083.0,1078.0,7.0710678118654755,0.34372634999954244,0.34372634999954244,17.5,50.0,0.46168051708217916,0.9233610341643583
chao,p4.2.n.txt,100,2,2,1103.0,1103.0,1084.5,26.16295090390226,0.3836812499998814,0.3836812499998814,18.0,50.0,1.6772438803263827,3.3544877606527654
chao,p4.2.o.txt,100,2,2,1149.0,1149.0,1142.0,9.899494936611665,0.5395697499998278,0.5395697499998278,15.5,50.0,0.6092254134029591,1.2184508268059182
chao,p4.2.p.txt,100,2,2,1178.0,1178.0,1174.0,5.656854249492381,0.4493677000000389,0.4493677000000389,16.5,50.0,0.3395585738539898,0.6791171477079796
chao,p4.2.q.txt,100,2,2,1206.0,1206.0,1199.0,9.899494936611665,0.3555233000001863,0.3555233000001863,12.5,50.0,0.5804311774461027,1.1608623548922055
chao,p4.2.r.txt,100,2,2,1205.0,1205.0,1200.0,7.0710678118654755,0.37143285000001924,0.37143285000001924,18.0,50.0,0.4149377593360996,0.8298755186721992
chao,p4.2.s.txt,100,2,2,1276.0,1276.0,1262.0,19.79898987322333,0.377682399999685,0.377682399999685,9.0,50.0,1.09717868338558,2.19435736677116
chao,p4.2.t.txt,100,2,2,1295.0,1295.0,1289.5,7.7781745930520225,0.38243659999989177,0.38243659999989177,12.0,50.0,0.42471042471042475,0.8494208494208495
chao,p4.3.a.txt,100,3,2,0.0,0.0,0.0,0.0,0.008222299999943061,0.008222299999943061,0.0,100.0,0.0,0.0
chao,p4.3.b.txt,100,3,2,38.0,38.0,38.0,0.0,0.02734150000014779,0.02734150000014779,0.0,100.0,0.0,0.0
chao,p4.3.c.txt,100,3,2,193.0,193.0,190.0,4.242640687119285,0.07791240000005928,0.07791240000005928,13.5,50.0,1.5544041450777202,3.1088082901554404
chao,p4.3.d.txt,100,3,2,335.0,335.0,328.5,9.192388155425117,0.12152935000040088,0.12152935000040088,17.0,50.0,1.9402985074626864,3.880597014925373
chao,p4.3.e.txt,100,3,2,460.0,460.0,460.0,0.0,0.15233125000077052,0.15233125000077052,7.0,100.0,0.0,0.0
chao,p4.3.f.txt,100,3,2,559.0,559.0,537.0,31.11269837220809,0.18070019999959186,0.18070019999959186,19.5,50.0,3.9355992844364938,7.8711985688729875
chao,p4.3.g.txt,100,3,2,622.0,622.0,602.0,28.284271247461902,0.21613654999964638,0.21613654999964638,13.5,50.0,3.215434083601286,6.430868167202572
chao,p4.3.h.txt,100,3,2,673.0,673.0,663.0,14.142135623730951,0.26725334999946426,0.26725334999946426,16.0,50.0,1.4858841010401187,2.9717682020802374
chao,p4.3.i.txt,100,3,2,774.0,774.0,769.5,6.363961030678928,0.36145265000004656,0.36145265000004656,7.0,50.0,0.5813953488372093,1.1627906976744187
chao,p4.3.j.txt,100,3,2,833.0,833.0,819.5,19.091883092036785,0.29502129999991666,0.29502129999991666,5.5,50.0,1.6206482593037215,3.241296518607443
chao,p4.3.k.txt,100,3,2,878.0,878.0,855.5,31.81980515339464,0.3740296999999373,0.3740296999999373,7.5,50.0,2.562642369020501,5.125284738041002
chao,p4.3.l.txt,100,3,2,916.0,916.0,892.0,33.94112549695428,0.3827089500000511,0.3827089500000511,16.0,50.0,2.6200873362445414,5.240174672489083
chao,p4.3.m.txt,100,3,2,962.0,962.0,941.5,28.991378028648448,0.360961750000115,0.360961750000115,14.0,50.0,2.130977130977131,4.261954261954262
chao,p4.3.n.txt,100,3,2,1056.0,1056.0,1039.5,23.33452377915607,0.3521294000006492,0.3521294000006492,16.0,50.0,1.5625,3.125
chao,p4.3.o.txt,100,3,2,1076.0,1076.0,1069.5,9.192388155425117,0.3637143500000093,0.3637143500000093,17.5,50.0,0.604089219330855,1.20817843866171
chao,p4.3.p.txt,100,3,2,1155.0,1155.0,1139.5,21.920310216782973,0.37233000000014727,0.37233000000014727,20.0,50.0,1.341991341991342,2.683982683982684
chao,p4.3.q.txt,100,3,2,1169.0,1169.0,1164.0,7.0710678118654755,0.41445840000005774,0.41445840000005774,18.5,50.0,0.42771599657827203,0.8554319931565441
chao,p4.3.r.txt,100,3,2,1175.0,1175.0,1165.0,14.142135623730951,0.3866478999998435,0.3866478999998435,12.0,50.0,0.851063829787234,1.702127659574468
chao,p4.3.s.txt,100,3,2,1239.0,1239.0,1228.5,14.849242404917497,0.36398929999995744,0.36398929999995744,14.0,50.0,0.847457627118644,1.694915254237288
chao,p4.3.t.txt,100,3,2,1271.0,1271.0,1261.0,14.142135623730951,0.371529599999576,0.371529599999576,16.5,50.0,0.7867820613690008,1.5735641227380015
chao,p4.4.a.txt,100,4,2,0.0,0.0,0.0,0.0,0.009403000000020256,0.009403000000020256,0.0,100.0,0.0,0.0
chao,p4.4.b.txt,100,4,2,0.0,0.0,0.0,0.0,0.011081149999881745,0.011081149999881745,0.0,100.0,0.0,0.0
chao,p4.4.c.txt,100,4,2,0.0,0.0,0.0,0.0,0.009130600000389677,0.009130600000389677,0.0,100.0,0.0,0.0
chao,p4.4.d.txt,100,4,2,38.0,38.0,38.0,0.0,0.028276900000491878,0.028276900000491878,0.0,100.0,0.0,0.0
chao,p4.4.e.txt,100,4,2,182.0,182.0,182.0,0.0,0.07830480000029638,0.07830480000029638,10.5,100.0,0.0,0.0
chao,p4.4.f.txt,100,4,2,315.0,315.0,312.0,4.242640687119285,0.12494800000013129,0.12494800000013129,14.5,50.0,0.9523809523809524,1.9047619047619049
chao,p4.4.g.txt,100,4,2,444.0,444.0,438.5,7.7781745930520225,0.17585105000034673,0.17585105000034673,15.0,50.0,1.2387387387387387,2.4774774774774775
chao,p4.4.h.txt,100,4,2,522.0,522.0,519.0,4.242640687119285,0.2570897000000514,0.2570897000000514,3.5,50.0,0.5747126436781609,1.1494252873563218
chao,p4.4.i.txt,100,4,2,636.0,636.0,630.5,7.7781745930520225,0.2609504500001094,0.2609504500001094,12.5,50.0,0.8647798742138365,1.729559748427673
chao,p4.4.j.txt,100,4,2,702.0,702.0,685.5,23.33452377915607,0.26195174999929804,0.26195174999929804,15.0,50.0,2.3504273504273505,4.700854700854701
chao,p4.4.k.txt,100,4,2,748.0,748.0,744.5,4.949747468305833,0.2988081999997121,0.2988081999997121,18.5,50.0,0.4679144385026738,0.9358288770053476
chao,p4.4.l.txt,100,4,2,836.0,836.0,796.0,56.568542494923804,0.3215608999998949,0.3215608999998949,6.5,50.0,4.784688995215311,9.569377990430622
chao,p4.4.m.txt,100,4,2,896.0,896.0,871.0,35.35533905932738,0.3367511499995999,0.3367511499995999,18.0,50.0,2.7901785714285716,5.580357142857143
chao,p4.4.n.txt,100,4,2,928.0,928.0,914.0,19.79898987322333,0.3604112499997427,0.3604112499997427,16.5,50.0,1.5086206896551724,3.0172413793103448
chao,p4.4.o.txt,100,4,2,972.0,972.0,972.0,0.0,0.35977444999980435,0.35977444999980435,11.0,100.0,0.0,0.0
chao,p4.4.p.txt,100,4,2,1009.0,1009.0,972.5,51.61879502661797,0.3747243500001787,0.3747243500001787,12.0,50.0,3.617443012884044,7.234886025768088
chao,p4.4.q.txt,100,4,2,1051.0,1051.0,1031.0,28.284271247461902,0.3672635500006436,0.3672635500006436,16.5,50.0,1.9029495718363463,3.8058991436726926
chao,p4.4.r.txt,100,4,2,1126.0,1126.0,1124.5,2.1213203435596424,0.3753907000000254,0.3753907000000254,18.0,50.0,0.13321492007104796,0.2664298401420959
chao,p4.4.s.txt,100,4,2,1180.0,1180.0,1135.5,62.932503525602726,0.401874300000145,0.401874300000145,9.0,50.0,3.7711864406779663,7.5423728813559325
chao,p4.4.t.txt,100,4,2,1256.0,1256.0,1232.0,33.94112549695428,0.4141391999996813,0.4141391999996813,18.0,50.0,1.910828025477707,3.821656050955414
chao,p5.2.a.txt,66,2,2,0.0,0.0,0.0,0.0,0.003990699999576464,0.003990699999576464,0.0,100.0,0.0,0.0
chao,p5.2.b.txt,66,2,2,20.0,20.0,20.0,0.0,0.01573710000002393,0.01573710000002393,0.0,100.0,0.0,0.0
chao,p5.2.c.txt,66,2,2,50.0,50.0,50.0,0.0,0.018633849999787344,0.018633849999787344,9.0,100.0,0.0,0.0
chao,p5.2.d.txt,66,2,2,80.0,80.0,80.0,0.0,0.024530650000542664,0.024530650000542664,1.0,100.0,0.0,0.0
chao,p5.2.e.txt,66,2,2,180.0,180.0,177.5,3.5355339059327378,0.03186920000007376,0.03186920000007376,4.5,50.0,1.3888888888888888,2.7777777777777777
chao,p5.2.f.txt,66,2,2,240.0,240.0,227.5,17.67766952966369,0.033566500000233646,0.033566500000233646,4.0,50.0,5.208333333333334,10.416666666666668
chao,p5.2.g.txt,66,2,2,320.0,320.0,320.0,0.0,0.045288000000255124,0.045288000000255124,1.5,100.0,0.0,0.0
chao,p5.2.h.txt,66,2,2,390.0,390.0,387.5,3.5355339059327378,0.04965200000015102,0.04965200000015102,2.0,50.0,0.641025641025641,1.282051282051282
chao,p5.2.i.txt,66,2,2,460.0,460.0,457.5,3.5355339059327378,0.054219649999595276,0.054219649999595276,6.5,50.0,0.5434782608695652,1.0869565217391304
chao,p5.2.j.txt,66,2,2,555.0,555.0,555.0,0.0,0.06094650000022739,0.06094650000022739,7.5,100.0,0.0,0.0
chao,p5.2.k.txt,66,2,2,660.0,660.0,650.0,14.142135623730951,0.06856245000017225,0.06856245000017225,9.5,50.0,1.5151515151515151,3.0303030303030303
chao,p5.2.l.txt,66,2,2,770.0,770.0,760.0,14.142135623730951,0.07968170000003738,0.07968170000003738,12.0,50.0,1.2987012987012987,2.5974025974025974
chao,p5.2.m.txt,66,2,2,835.0,835.0,817.5,24.748737341529164,0.0965237000000343,0.0965237000000343,5.5,50.0,2.095808383233533,4.191616766467066
chao,p5.2.n.txt,66,2,2,900.0,900.0,882.5,24.748737341529164,0.09540695000032429,0.09540695000032429,10.5,50.0,1.9444444444444444,3.888888888888889
chao,p5.2.o.txt,66,2,2,995.0,995.0,967.5,38.890872965260115,0.10498564999988957,0.10498564999988957,14.5,50.0,2.763819095477387,5.527638190954774
chao,p5.2.p.txt,66,2,2,1150.0,1150.0,1105.0,63.63961030678928,0.11865904999967825,0.11865904999967825,10.0,50.0,3.91304347826087,7.82608695652174
chao,p5.2.q.txt,66,2,2,1140.0,1140.0,1132.5,10.606601717798213,0.10291595000035159,0.10291595000035159,8.5,50.0,0.6578947368421052,1.3157894736842104
chao,p5.2.r.txt,66,2,2,1250.0,1250.0,1247.5,3.5355339059327378,0.10737364999977217,0.10737364999977217,13.5,50.0,0.2,0.4
chao,p5.2.s.txt,66,2,2,1310.0,1310.0,1302.5,10.606601717798213,0.11564485000008062,0.11564485000008062,16.0,50.0,0.5725190839694656,1.1450381679389312
chao,p5.2.t.txt,66,2,2,1390.0,1390.0,1362.5,38.890872965260115,0.12071294999987003,0.12071294999987003,10.0,50.0,1.9784172661870503,3.9568345323741005
chao,p5.2.u.txt,66,2,2,1460.0,1460.0,1445.0,21.213203435596427,0.11919285000021773,0.11919285000021773,18.0,50.0,1.0273972602739725,2.054794520547945
chao,p5.2.v.txt,66,2,2,1475.0,1475.0,1470.0,7.0710678118654755,0.11312850000012986,0.11312850000012986,9.0,50.0,0.3389830508474576,0.6779661016949152
chao,p5.2.w.txt,66,2,2,1540.0,1540.0,1530.0,14.142135623730951,0.1254228999996485,0.1254228999996485,17.5,50.0,0.6493506493506493,1.2987012987012987
chao,p5.2.x.txt,66,2,2,1590.0,1590.0,1577.5,17.67766952966369,0.1323409999999967,0.1323409999999967,10.0,50.0,0.7861635220125787,1.5723270440251573
chao,p5.2.y.txt,66,2,2,1625.0,1625.0,1620.0,7.0710678118654755,0.1187316000005012,0.1187316000005012,9.5,50.0,0.3076923076923077,0.6153846153846154
chao,p5.2.z.txt,66,2,2,1665.0,1665.0,1657.5,10.606601717798213,0.1276059500005431,0.1276059500005431,7.0,50.0,0.45045045045045046,0.9009009009009009
chao,p5.3.a.txt,66,3,2,0.0,0.0,0.0,0.0,0.0047595999999430205,0.0047595999999430205,0.0,100.0,0.0,0.0
chao,p5.3.b.txt,66,3,2,15.0,15.0,15.0,0.0,0.0259760499998265,0.0259760499998265,0.0,100.0,0.0,0.0
chao,p5.3.c.txt,66,3,2,20.0,20.0,20.0,0.0,0.022985700000390352,0.022985700000390352,0.0,100.0,0.0,0.0
chao,p5.3.d.txt,66,3,2,60.0,60.0,60.0,0.0,0.0283403499997803,0.0283403499997803,0.0,100.0,0.0,0.0
chao,p5.3.e.txt,66,3,2,95.0,95.0,95.0,0.0,0.03577244999996765,0.03577244999996765,3.5,100.0,0.0,0.0
chao,p5.3.f.txt,66,3,2,110.0,110.0,110.0,0.0,0.03141439999990325,0.03141439999990325,0.0,100.0,0.0,0.0
chao,p5.3.g.txt,66,3,2,185.0,185.0,185.0,0.0,0.04139544999998179,0.04139544999998179,3.5,100.0,0.0,0.0
chao,p5.3.h.txt,66,3,2,260.0,260.0,260.0,0.0,0.05132439999988492,0.05132439999988492,3.5,100.0,0.0,0.0
chao,p5.3.i.txt,66,3,2,335.0,335.0,335.0,0.0,0.05328099999951519,0.05328099999951519,4.5,100.0,0.0,0.0
chao,p5.3.j.txt,66,3,2,470.0,470.0,450.0,28.284271247461902,0.06254409999974087,0.06254409999974087,2.5,50.0,4.25531914893617,8.51063829787234
chao,p5.3.k.txt,66,3,2,485.0,485.0,477.5,10.606601717798213,0.07642005000025165,0.07642005000025165,6.5,50.0,1.5463917525773196,3.0927835051546393
chao,p5.3.l.txt,66,3,2,585.0,585.0,580.0,7.0710678118654755,0.07712325000011333,0.07712325000011333,1.0,50.0,0.8547008547008548,1.7094017094017095
chao,p5.3.m.txt,66,3,2,650.0,650.0,647.5,3.5355339059327378,0.09338109999953303,0.09338109999953303,7.0,50.0,0.38461538461538464,0.7692307692307693
chao,p5.3.n.txt,66,3,2,735.0,735.0,722.5,17.67766952966369,0.09553160000041316,0.09553160000041316,16.0,50.0,1.7006802721088436,3.4013605442176873
chao,p5.3.o.txt,66,3,2,820.0,820.0,820.0,0.0,0.11412239999981466,0.11412239999981466,8.0,100.0,0.0,0.0
chao,p5.3.p.txt,66,3,2,990.0,990.0,965.0,35.35533905932738,0.11013860000002751,0.11013860000002751,11.5,50.0,2.525252525252525,5.05050505050505
chao,p5.3.q.txt,66,3,2,1055.0,1055.0,1045.0,14.142135623730951,0.1255049000001236,0.1255049000001236,16.0,50.0,0.9478672985781991,1.8957345971563981
chao,p5.3.r.txt,66,3,2,1110.0,1110.0,1105.0,7.0710678118654755,0.13338844999952926,0.13338844999952926,4.5,50.0,0.45045045045045046,0.9009009009009009
chao,p5.3.s.txt,66,3,2,1155.0,1155.0,1132.5,31.81980515339464,0.11306270000022778,0.11306270000022778,3.5,50.0,1.948051948051948,3.896103896103896
chao,p5.3.t.txt,66,3,2,1255.0,1255.0,1245.0,14.142135623730951,0.11734894999972312,0.11734894999972312,17.5,50.0,0.796812749003984,1.593625498007968
chao,p5.3.u.txt,66,3,2,1335.0,1335.0,1320.0,21.213203435596427,0.12576549999994313,0.12576549999994313,6.0,50.0,1.1235955056179776,2.247191011235955
chao,p5.3.v.txt,66,3,2,1390.0,1390.0,1387.5,3.5355339059327378,0.13321759999962524,0.13321759999962524,9.5,50.0,0.1798561151079137,0.3597122302158274
chao,p5.3.w.txt,66,3,2,1440.0,1440.0,1405.0,49.49747468305833,0.12356440000030489,0.12356440000030489,17.5,50.0,2.430555555555556,4.861111111111112
chao,p5.3.x.txt,66,3,2,1525.0,1525.0,1505.0,28.284271247461902,0.15997874999993655,0.15997874999993655,11.0,50.0,1.3114754098360655,2.622950819672131
chao,p5.3.y.txt,66,3,2,1565.0,1565.0,1560.0,7.0710678118654755,0.12558560000024954,0.12558560000024954,13.5,50.0,0.3194888178913738,0.6389776357827476
chao,p5.3.z.txt,66,3,2,1610.0,1610.0,1597.5,17.67766952966369,0.12394394999955693,0.12394394999955693,5.0,50.0,0.7763975155279503,1.5527950310559007
chao,p5.4.a.txt,66,4,2,0.0,0.0,0.0,0.0,0.009593599999789149,0.009593599999789149,0.0,100.0,0.0,0.0
chao,p5.4.b.txt,66,4,2,0.0,0.0,0.0,0.0,0.0073258000002169865,0.0073258000002169865,0.0,100.0,0.0,0.0
chao,p5.4.c.txt,66,4,2,20.0,20.0,20.0,0.0,0.02438659999961601,0.02438659999961601,0.0,100.0,0.0,0.0
chao,p5.4.d.txt,66,4,2,20.0,20.0,20.0,0.0,0.030218849999982922,0.030218849999982922,0.0,100.0,0.0,0.0
chao,p5.4.e.txt,66,4,2,20.0,20.0,20.0,0.0,0.024075449999600096,0.024075449999600096,0.0,100.0,0.0,0.0
chao,p5.4.f.txt,66,4,2,80.0,80.0,80.0,0.0,0.04088045000025886,0.04088045000025886,0.0,100.0,0.0,0.0
chao,p5.4.g.txt,66,4,2,140.0,140.0,140.0,0.0,0.04486545000008846,0.04486545000008846,0.0,100.0,0.0,0.0
chao,p5.4.h.txt,66,4,2,140.0,140.0,140.0,0.0,0.04901174999986324,0.04901174999986324,0.0,100.0,0.0,0.0
chao,p5.4.i.txt,66,4,2,240.0,240.0,240.0,0.0,0.06374909999976808,0.06374909999976808,10.0,100.0,0.0,0.0
chao,p5.4.j.txt,66,4,2,340.0,340.0,340.0,0.0,0.0772476999995888,0.0772476999995888,2.0,100.0,0.0,0.0
chao,p5.4.k.txt,66,4,2,340.0,340.0,340.0,0.0,0.07209445000034975,0.07209445000034975,0.0,100.0,0.0,0.0
chao,p5.4.l.txt,66,4,2,425.0,425.0,410.0,21.213203435596427,0.07855015000041021,0.07855015000041021,9.0,50.0,3.5294117647058822,7.0588235294117645
chao,p5.4.m.txt,66,4,2,550.0,550.0,515.0,49.49747468305833,0.08710324999992736,0.08710324999992736,6.0,50.0,6.363636363636363,12.727272727272727
chao,p5.4.n.txt,66,4,2,620.0,620.0,610.0,14.142135623730951,0.09441759999981514,0.09441759999981514,5.0,50.0,1.6129032258064515,3.225806451612903
chao,p5.4.o.txt,66,4,2,655.0,655.0,647.5,10.606601717798213,0.13119054999970103,0.13119054999970103,8.5,50.0,1.1450381679389312,2.2900763358778624
chao,p5.4.p.txt,66,4,2,760.0,760.0,760.0,0.0,0.11978089999956865,0.11978089999956865,11.5,100.0,0.0,0.0
chao,p5.4.q.txt,66,4,2,860.0,860.0,845.0,21.213203435596427,0.11738175000027695,0.11738175000027695,16.5,50.0,1.744186046511628,3.488372093023256
chao,p5.4.r.txt,66,4,2,890.0,890.0,880.0,14.142135623730951,0.1138086500004647,0.1138086500004647,6.0,50.0,1.1235955056179776,2.247191011235955
chao,p5.4.s.txt,66,4,2,1005.0,1005.0,1002.5,3.5355339059327378,0.13200855000059164,0.13200855000059164,8.0,50.0,0.24875621890547264,0.4975124378109453
chao,p5.4.t.txt,66,4,2,1095.0,1095.0,1067.5,38.890872965260115,0.1303044500004944,0.1303044500004944,3.0,50.0,2.5114155251141552,5.0228310502283104
chao,p5.4.u.txt,66,4,2,1175.0,1175.0,1170.0,7.0710678118654755,0.13122829999974783,0.13122829999974783,9.0,50.0,0.425531914893617,0.851063829787234
chao,p5.4.v.txt,66,4,2,1285.0,1285.0,1257.5,38.890872965260115,0.13913814999978058,0.13913814999978058,10.5,50.0,2.140077821011673,4.280155642023346
chao,p5.4.w.txt,66,4,2,1375.0,1375.0,1372.5,3.5355339059327378,0.13691919999973834,0.13691919999973834,7.5,50.0,0.18181818181818182,0.36363636363636365
chao,p5.4.x.txt,66,4,2,1390.0,1390.0,1385.0,7.0710678118654755,0.14260765000017273,0.14260765000017273,12.5,50.0,0.3597122302158274,0.7194244604316548
chao,p5.4.y.txt,66,4,2,1485.0,1485.0,1475.0,14.142135623730951,0.12196804999985034,0.12196804999985034,8.0,50.0,0.6734006734006733,1.3468013468013467
chao,p5.4.z.txt,66,4,2,1535.0,1535.0,1510.0,35.35533905932738,0.20735200000035547,0.20735200000035547,9.5,50.0,1.6286644951140066,3.257328990228013
chao,p6.2.a.txt,64,2,2,0.0,0.0,0.0,0.0,0.006008199999996577,0.006008199999996577,0.0,100.0,0.0,0.0
chao,p6.2.b.txt,64,2,2,0.0,0.0,0.0,0.0,0.0062265499996101425,0.0062265499996101425,0.0,100.0,0.0,0.0
chao,p6.2.c.txt,64,2,2,0.0,0.0,0.0,0.0,0.004490049999731127,0.004490049999731127,0.0,100.0,0.0,0.0
chao,p6.2.d.txt,64,2,2,192.0,192.0,192.0,0.0,0.07266639999988911,0.07266639999988911,1.5,100.0,0.0,0.0
chao,p6.2.e.txt,64,2,2,360.0,360.0,360.0,0.0,0.08609959999967032,0.08609959999967032,0.0,100.0,0.0,0.0
chao,p6.2.f.txt,64,2,2,540.0,540.0,516.0,33.94112549695428,0.12099790000002031,0.12099790000002031,3.0,50.0,4.444444444444445,8.88888888888889
chao,p6.2.g.txt,64,2,2,660.0,660.0,642.0,25.45584412271571,0.13768845000004148,0.13768845000004148,6.5,50.0,2.727272727272727,5.454545454545454
chao,p6.2.h.txt,64,2,2,780.0,780.0,756.0,33.94112549695428,0.0914044000001013,0.0914044000001013,13.0,50.0,3.076923076923077,6.153846153846154
chao,p6.2.i.txt,64,2,2,888.0,888.0,888.0,0.0,0.10639485000046989,0.10639485000046989,9.0,100.0,0.0,0.0
chao,p6.2.j.txt,64,2,2,936.0,936.0,933.0,4.242640687119285,0.11838244999989911,0.11838244999989911,17.5,50.0,0.3205128205128205,0.641025641025641
chao,p6.2.k.txt,64,2,2,1032.0,1032.0,1032.0,0.0,0.12006454999982452,0.12006454999982452,11.5,100.0,0.0,0.0
chao,p6.2.l.txt,64,2,2,1104.0,1104.0,1101.0,4.242640687119285,0.11259019999988595,0.11259019999988595,10.5,50.0,0.2717391304347826,0.5434782608695652
chao,p6.2.m.txt,64,2,2,1164.0,1164.0,1152.0,16.97056274847714,0.10818784999992204,0.10818784999992204,4.0,50.0,1.0309278350515463,2.0618556701030926
chao,p6.2.n.txt,64,2,2,1242.0,1242.0,1239.0,4.242640687119285,0.12033429999974032,0.12033429999974032,12.5,50.0,0.24154589371980675,0.4830917874396135
chao,p6.3.a.txt,64,3,2,0.0,0.0,0.0,0.0,0.004635199999938777,0.004635199999938777,0.0,100.0,0.0,0.0
chao,p6.3.b.txt,64,3,2,0.0,0.0,0.0,0.0,0.004621300000053452,0.004621300000053452,0.0,100.0,0.0,0.0
chao,p6.3.c.txt,64,3,2,0.0,0.0,0.0,0.0,0.00459709999995539,0.00459709999995539,0.0,100.0,0.0,0.0
chao,p6.3.d.txt,64,3,2,0.0,0.0,0.0,0.0,0.004659300000184885,0.004659300000184885,0.0,100.0,0.0,0.0
chao,p6.3.e.txt,64,3,2,0.0,0.0,0.0,0.0,0.004744899999877816,0.004744899999877816,0.0,100.0,0.0,0.0
chao,p6.3.f.txt,64,3,2,0.0,0.0,0.0,0.0,0.004651800000374351,0.004651800000374351,0.0,100.0,0.0,0.0
chao,p6.3.g.txt,64,3,2,276.0,276.0,276.0,0.0,0.055698799999845505,0.055698799999845505,3.0,100.0,0.0,0.0
chao,p6.3.h.txt,64,3,2,438.0,438.0,435.0,4.242640687119285,0.0707095500001742,0.0707095500001742,14.5,50.0,0.684931506849315,1.36986301369863
chao,p6.3.i.txt,64,3,2,612.0,612.0,606.0,8.48528137423857,0.09732480000002397,0.09732480000002397,15.5,50.0,0.9803921568627451,1.9607843137254901
chao,p6.3.j.txt,64,3,2,828.0,828.0,792.0,50.91168824543142,0.10865354999987176,0.10865354999987176,8.5,50.0,4.3478260869565215,8.695652173913043
chao,p6.3.k.txt,64,3,2,840.0,840.0,825.0,21.213203435596427,0.11688019999974131,0.11688019999974131,7.0,50.0,1.7857142857142856,3.571428571428571
chao,p6.3.l.txt,64,3,2,996.0,996.0,984.0,16.97056274847714,0.10906924999972034,0.10906924999972034,17.5,50.0,1.2048192771084338,2.4096385542168677
chao,p6.3.m.txt,64,3,2,1056.0,1056.0,1053.0,4.242640687119285,0.11722259999987727,0.11722259999987727,12.5,50.0,0.2840909090909091,0.5681818181818182
chao,p6.3.n.txt,64,3,2,1134.0,1134.0,1131.0,4.242640687119285,0.12120194999988598,0.12120194999988598,10.0,50.0,0.26455026455026454,0.5291005291005291
chao,p6.4.a.txt,64,4,2,0.0,0.0,0.0,0.0,0.005499099999724422,0.005499099999724422,0.0,100.0,0.0,0.0
chao,p6.4.b.txt,64,4,2,0.0,0.0,0.0,0.0,0.009264900000289344,0.009264900000289344,0.0,100.0,0.0,0.0
chao,p6.4.c.txt,64,4,2,0.0,0.0,0.0,0.0,0.015958950000367622,0.015958950000367622,0.0,100.0,0.0,0.0
chao,p6.4.d.txt,64,4,2,0.0,0.0,0.0,0.0,0.011421050000080868,0.011421050000080868,0.0,100.0,0.0,0.0
chao,p6.4.e.txt,64,4,2,0.0,0.0,0.0,0.0,0.005918249999922409,0.005918249999922409,0.0,100.0,0.0,0.0
chao,p6.4.f.txt,64,4,2,0.0,0.0,0.0,0.0,0.0057029499998861866,0.0057029499998861866,0.0,100.0,0.0,0.0
chao,p6.4.g.txt,64,4,2,0.0,0.0,0.0,0.0,0.005755649999628076,0.005755649999628076,0.0,100.0,0.0,0.0
chao,p6.4.h.txt,64,4,2,0.0,0.0,0.0,0.0,0.005715150000014546,0.005715150000014546,0.0,100.0,0.0,0.0
chao,p6.4.i.txt,64,4,2,0.0,0.0,0.0,0.0,0.006341650000194932,0.006341650000194932,0.0,100.0,0.0,0.0
chao,p6.4.j.txt,64,4,2,366.0,366.0,363.0,4.242640687119285,0.0710910499997226,0.0710910499997226,3.5,50.0,0.819672131147541,1.639344262295082
chao,p6.4.k.txt,64,4,2,516.0,516.0,510.0,8.48528137423857,0.08599294999976337,0.08599294999976337,17.0,50.0,1.1627906976744187,2.3255813953488373
chao,p6.4.l.txt,64,4,2,684.0,684.0,684.0,0.0,0.11771395000005214,0.11771395000005214,2.0,100.0,0.0,0.0
chao,p6.4.m.txt,64,4,2,912.0,912.0,897.0,21.213203435596427,0.13640745000020615,0.13640745000020615,11.5,50.0,1.644736842105263,3.289473684210526
chao,p6.4.n.txt,64,4,2,1068.0,1068.0,1032.0,50.91168824543142,0.13780180000003384,0.13780180000003384,13.5,50.0,3.3707865168539324,6.741573033707865
chao,p7.2.a.txt,102,2,2,30.0,30.0,30.0,0.0,0.02489980000018477,0.02489980000018477,0.0,100.0,0.0,0.0
chao,p7.2.b.txt,102,2,2,64.0,64.0,64.0,0.0,0.029444400000102178,0.029444400000102178,0.0,100.0,0.0,0.0
chao,p7.2.c.txt,102,2,2,101.0,101.0,101.0,0.0,0.03421889999981431,0.03421889999981431,3.5,100.0,0.0,0.0
chao,p7.2.d.txt,102,2,2,190.0,190.0,186.0,5.656854249492381,0.0577946499997779,0.0577946499997779,12.5,50.0,2.1052631578947367,4.2105263157894735
chao,p7.2.e.txt,102,2,2,280.0,280.0,266.5,19.091883092036785,0.07444504999966739,0.07444504999966739,16.5,50.0,4.821428571428572,9.642857142857144
chao,p7.2.f.txt,102,2,2,379.0,379.0,378.0,1.4142135623730951,0.1031315000000177,0.1031315000000177,16.0,50.0,0.2638522427440633,0.5277044854881267
chao,p7.2.g.txt,102,2,2,406.0,406.0,394.5,16.263455967290593,0.10601479999968433,0.10601479999968433,14.0,50.0,2.832512315270936,5.665024630541872
chao,p7.2.h.txt,102,2,2,449.0,449.0,439.0,14.142135623730951,0.13171684999997524,0.13171684999997524,14.0,50.0,2.2271714922048997,4.4543429844097995
chao,p7.2.i.txt,102,2,2,531.0,531.0,524.5,9.192388155425117,0.16380740000022342,0.16380740000022342,9.5,50.0,1.2241054613935969,2.4482109227871938
chao,p7.2.j.txt,102,2,2,629.0,629.0,604.5,34.64823227814083,0.18474950000063473,0.18474950000063473,14.0,50.0,3.8950715421303657,7.790143084260731
chao,p7.2.k.txt,102,2,2,682.0,682.0,663.5,26.16295090390226,0.20661710000013045,0.20661710000013045,12.0,50.0,2.7126099706744866,5.425219941348973
chao,p7.2.l.txt,102,2,2,747.0,747.0,728.0,26.870057685088806,0.22020830000019487,0.22020830000019487,16.0,50.0,2.5435073627844713,5.087014725568943
chao,p7.2.m.txt,102,2,2,760.0,760.0,750.0,14.142135623730951,0.22555019999981596,0.22555019999981596,17.0,50.0,1.3157894736842104,2.631578947368421
chao,p7.2.n.txt,102,2,2,828.0,828.0,818.5,13.435028842544403,0.2661756500001502,0.2661756500001502,15.5,50.0,1.1473429951690821,2.2946859903381642
chao,p7.2.o.txt,102,2,2,908.0,908.0,901.0,9.899494936611665,0.32393914999966,0.32393914999966,20.0,50.0,0.7709251101321586,1.5418502202643172
chao,p7.2.p.txt,102,2,2,942.0,942.0,936.0,8.48528137423857,0.2788777500004471,0.2788777500004471,18.0,50.0,0.6369426751592357,1.2738853503184715
chao,p7.2.q.txt,102,2,2,1019.0,1019.0,1007.5,16.263455967290593,0.3146671499994227,0.3146671499994227,16.0,50.0,1.1285574092247301,2.2571148184494603
chao,p7.2.r.txt,102,2,2,1038.0,1038.0,1036.0,2.8284271247461903,0.3317125999997188,0.3317125999997188,17.5,50.0,0.1926782273603083,0.3853564547206166
chao,p7.2.s.txt,102,2,2,1082.0,1082.0,1040.0,59.39696961966999,0.3343550999998115,0.3343550999998115,19.0,50.0,3.8817005545286505,7.763401109057301
chao,p7.2.t.txt,102,2,2,1153.0,1153.0,1145.0,11.313708498984761,0.35877769999979137,0.35877769999979137,17.5,50.0,0.6938421509106678,1.3876843018213356
chao,p7.3.a.txt,102,3,2,0.0,0.0,0.0,0.0,0.00828315000035218,0.00828315000035218,0.0,100.0,0.0,0.0
chao,p7.3.b.txt,102,3,2,46.0,46.0,46.0,0.0,0.02610740000000078,0.02610740000000078,0.0,100.0,0.0,0.0
chao,p7.3.c.txt,102,3,2,79.0,79.0,79.0,0.0,0.03836974999967424,0.03836974999967424,0.0,100.0,0.0,0.0
chao,p7.3.d.txt,102,3,2,117.0,117.0,117.0,0.0,0.05417460000035135,0.05417460000035135,0.0,100.0,0.0,0.0
chao,p7.3.e.txt,102,3,2,175.0,175.0,170.0,7.0710678118654755,0.058176450000246405,0.058176450000246405,6.0,50.0,2.857142857142857,5.714285714285714
chao,p7.3.f.txt,102,3,2,247.0,247.0,243.0,5.656854249492381,0.07501174999970317,0.07501174999970317,11.0,50.0,1.6194331983805668,3.2388663967611335
chao,p7.3.g.txt,102,3,2,344.0,344.0,344.0,0.0,0.10740569999961735,0.10740569999961735,7.5,100.0,0.0,0.0
chao,p7.3.h.txt,102,3,2,416.0,416.0,392.0,33.94112549695428,0.126129199999923,0.126129199999923,13.0,50.0,5.769230769230769,11.538461538461538
chao,p7.3.i.txt,102,3,2,478.0,478.0,474.5,4.949747468305833,0.16007149999995818,0.16007149999995818,11.5,50.0,0.7322175732217573,1.4644351464435146
chao,p7.3.j.txt,102,3,2,551.0,551.0,534.5,23.33452377915607,0.1904594999996334,0.1904594999996334,12.0,50.0,2.9945553539019962,5.9891107078039925
chao,p7.3.k.txt,102,3,2,582.0,582.0,561.5,28.991378028648448,0.20297024999990754,0.20297024999990754,16.5,50.0,3.52233676975945,7.0446735395189
chao,p7.3.l.txt,102,3,2,669.0,669.0,659.5,13.435028842544403,0.2079126499997983,0.2079126499997983,10.5,50.0,1.4200298953662183,2.8400597907324365
chao,p7.3.m.txt,102,3,2,717.0,717.0,659.5,81.31727983645297,0.21754180000016277,0.21754180000016277,17.0,50.0,8.01952580195258,16.03905160390516
chao,p7.3.n.txt,102,3,2,780.0,780.0,777.0,4.242640687119285,0.26201940000009927,0.26201940000009927,17.5,50.0,0.38461538461538464,0.7692307692307693
chao,p7.3.o.txt,102,3,2,852.0,852.0,845.0,9.899494936611665,0.28638719999935347,0.28638719999935347,12.5,50.0,0.8215962441314555,1.643192488262911
chao,p7.3.p.txt,102,3,2,861.0,861.0,847.0,19.79898987322333,0.2969852000001083,0.2969852000001083,19.0,50.0,1.6260162601626018,3.2520325203252036
chao,p7.3.q.txt,102,3,2,965.0,965.0,919.5,64.34671708797582,0.3034842000001845,0.3034842000001845,14.5,50.0,4.715025906735751,9.430051813471502
chao,p7.3.r.txt,102,3,2,1010.0,1010.0,998.5,16.263455967290593,0.3572228500001984,0.3572228500001984,15.0,50.0,1.1386138613861385,2.277227722772277
chao,p7.3.s.txt,102,3,2,1040.0,1040.0,986.0,76.36753236814714,0.3129604499999914,0.3129604499999914,13.5,50.0,5.1923076923076925,10.384615384615385
chao,p7.3.t.txt,102,3,2,1084.0,1084.0,1061.0,32.526911934581186,0.341247100000146,0.341247100000146,19.0,50.0,2.121771217712177,4.243542435424354
chao,p7.4.a.txt,102,4,2,0.0,0.0,0.0,0.0,0.009509499999694526,0.009509499999694526,0.0,100.0,0.0,0.0
chao,p7.4.b.txt,102,4,2,30.0,30.0,30.0,0.0,0.02868914999999106,0.02868914999999106,0.0,100.0,0.0,0.0
chao,p7.4.c.txt,102,4,2,46.0,46.0,46.0,0.0,0.034681150000324124,0.034681150000324124,0.0,100.0,0.0,0.0
chao,p7.4.d.txt,102,4,2,79.0,79.0,79.0,0.0,0.04563240000015867,0.04563240000015867,0.0,100.0,0.0,0.0
chao,p7.4.e.txt,102,4,2,123.0,123.0,123.0,0.0,0.060852700000396,0.060852700000396,0.0,100.0,0.0,0.0
chao,p7.4.f.txt,102,4,2,164.0,164.0,161.0,4.242640687119285,0.072836450000068,0.072836450000068,3.5,50.0,1.8292682926829267,3.6585365853658534
chao,p7.4.g.txt,102,4,2,206.0,206.0,204.0,2.8284271247461903,0.08494255000005069,0.08494255000005069,1.5,50.0,0.9708737864077669,1.9417475728155338
chao,p7.4.h.txt,102,4,2,285.0,285.0,285.0,0.0,0.1055250999997952,0.1055250999997952,15.0,100.0,0.0,0.0
chao,p7.4.i.txt,102,4,2,351.0,351.0,350.0,1.4142135623730951,0.13658434999979363,0.13658434999979363,5.0,50.0,0.2849002849002849,0.5698005698005698
chao,p7.4.j.txt,102,4,2,450.0,450.0,449.0,1.4142135623730951,0.16127479999977368,0.16127479999977368,13.0,50.0,0.2222222222222222,0.4444444444444444
chao,p7.4.k.txt,102,4,2,508.0,508.0,505.5,3.5355339059327378,0.1877540499999668,0.1877540499999668,8.5,50.0,0.4921259842519685,0.984251968503937
chao,p7.4.l.txt,102,4,2,544.0,544.0,539.0,7.0710678118654755,0.20367625000017142,0.20367625000017142,8.0,50.0,0.9191176470588236,1.8382352941176472
chao,p7.4.m.txt,102,4,2,610.0,610.0,603.5,9.192388155425117,0.21753754999963348,0.21753754999963348,12.5,50.0,1.0655737704918031,2.1311475409836063
chao,p7.4.n.txt,102,4,2,686.0,686.0,676.5,13.435028842544403,0.2910432000003311,0.2910432000003311,8.5,50.0,1.3848396501457727,2.7696793002915454
chao,p7.4.o.txt,102,4,2,743.0,743.0,735.0,11.313708498984761,0.29518030000008366,0.29518030000008366,15.0,50.0,1.0767160161507403,2.1534320323014806
chao,p7.4.p.txt,102,4,2,801.0,801.0,791.5,13.435028842544403,0.3036552999997184,0.3036552999997184,6.5,50.0,1.1860174781523096,2.3720349563046192
chao,p7.4.q.txt,102,4,2,868.0,868.0,847.0,29.698484809834994,0.3186148499999035,0.3186148499999035,14.0,50.0,2.4193548387096775,4.838709677419355
chao,p7.4.r.txt,102,4,2,898.0,898.0,883.0,21.213203435596427,0.3420878500000981,0.3420878500000981,16.0,50.0,1.670378619153675,3.34075723830735
chao,p7.4.s.txt,102,4,2,969.0,969.0,967.0,2.8284271247461903,0.34313464999968346,0.34313464999968346,18.5,50.0,0.20639834881320948,0.41279669762641896
chao,p7.4.t.txt,102,4,2,1012.0,1012.0,991.0,29.698484809834994,0.34672234999970897,0.34672234999970897,15.5,50.0,2.075098814229249,4.150197628458498
dang,bier127_gen1_m2.txt,128,2,2,101.0,101.0,101.0,0.0,0.7207258499997806,0.7207258499997806,15.5,100.0,0.0,0.0
dang,bier127_gen1_m3.txt,128,3,2,97.0,97.0,95.5,2.1213203435596424,0.7131346500004838,0.7131346500004838,6.5,50.0,1.5463917525773196,3.0927835051546393
dang,bier127_gen2_m2.txt,128,2,2,5354.0,5354.0,5247.0,151.32085117392117,0.7507897999998931,0.7507897999998931,18.0,50.0,1.998505790063504,3.997011580127008
dang,bier127_gen2_m3.txt,128,3,2,5013.0,5013.0,4982.5,43.1335136523794,0.7101470500001597,0.7101470500001597,13.5,50.0,0.6084181129064433,1.2168362258128866
dang,bier127_gen2_m4.txt,128,4,2,4820.0,4820.0,4745.0,106.06601717798213,0.7623818000001847,0.7623818000001847,20.0,50.0,1.5560165975103735,3.112033195020747
dang,bier127_gen3_m2.txt,128,2,2,2681.0,2681.0,2672.5,12.020815280171307,0.7369182500001443,0.7369182500001443,15.0,50.0,0.3170458784035807,0.6340917568071615
dang,bier127_gen3_m3.txt,128,3,2,2404.0,2404.0,2370.0,48.08326112068523,0.7419549500000358,0.7419549500000358,13.0,50.0,1.4143094841930115,2.828618968386023
dang,bier127_gen3_m4.txt,128,4,2,2109.0,2109.0,2093.5,21.920310216782973,0.7177317499995297,0.7177317499995297,18.0,50.0,0.734945471787577,1.469890943575154
dang,cmt101c_m3.txt,102,3,2,1230.0,1230.0,1220.0,14.142135623730951,0.3689586999998937,0.3689586999998937,10.0,50.0,0.8130081300813009,1.6260162601626018
dang,cmt151b_m3.txt,152,3,2,1303.0,1303.0,1282.5,28.991378028648448,0.8088382499995532,0.8088382499995532,11.5,50.0,1.5732924021488872,3.1465848042977744
dang,cmt151c_m2.txt,152,2,2,1861.0,1861.0,1842.0,26.870057685088806,1.146470400000453,1.146470400000453,18.0,50.0,1.0209564750134337,2.0419129500268673
dang,cmt151c_m3.txt,152,3,2,1773.0,1773.0,1772.5,0.7071067811865476,1.1439577500000269,1.1439577500000269,19.5,50.0,0.028200789622109423,0.05640157924421885
dang,cmt151c_m4.txt,152,4,2,1680.0,1680.0,1675.5,6.363961030678928,1.1416642999997748,1.1416642999997748,16.5,50.0,0.26785714285714285,0.5357142857142857
dang,cmt200b_m2.txt,201,2,2,2007.0,2007.0,1931.5,106.77312395916867,2.211283950000052,2.211283950000052,14.5,50.0,3.761833582461385,7.52366716492277
dang,cmt200b_m3.txt,201,3,2,1872.0,1872.0,1870.0,2.8284271247461903,2.181853100000353,2.181853100000353,17.5,50.0,0.10683760683760685,0.2136752136752137
dang,cmt200b_m4.txt,201,4,2,1692.0,1692.0,1625.0,94.75230867899737,1.7558116499999414,1.7558116499999414,20.0,50.0,3.959810874704492,7.919621749408984
dang,cmt200c_m2.txt,201,2,2,2721.0,2721.0,2715.0,8.48528137423857,2.903016000000207,2.903016000000207,16.5,50.0,0.2205071664829107,0.4410143329658214
dang,cmt200c_m3.txt,201,3,2,2547.0,2547.0,2507.0,56.568542494923804,2.4912429500000144,2.4912429500000144,19.5,50.0,1.5704750687082842,3.1409501374165685
dang,cmt200c_m4.txt,201,4,2,2342.0,2342.0,2321.5,28.991378028648448,2.485384449999856,2.485384449999856,13.0,50.0,0.8753202391118702,1.7506404782237404
dang,eil101b_m3.txt,102,3,2,904.0,904.0,890.0,19.79898987322333,0.2972768999998152,0.2972768999998152,18.0,50.0,1.5486725663716814,3.0973451327433628
dang,eil101c_m2.txt,102,2,2,1291.0,1291.0,1277.0,19.79898987322333,0.3838550000000396,0.3838550000000396,13.5,50.0,1.0844306738962044,2.168861347792409
dang,eil101c_m3.txt,102,3,2,1216.0,1216.0,1200.0,22.627416997969522,0.38908489999994345,0.38908489999994345,16.0,50.0,1.3157894736842104,2.631578947368421
dang,gil262_gen1_m3.txt,263,3,2,84.0,84.0,81.5,3.5355339059327378,2.0953383999994912,2.0953383999994912,15.0,50.0,2.976190476190476,5.952380952380952
dang,gil262_gen1_m4.txt,263,4,2,73.0,73.0,73.0,0.0,2.161990550000155,2.161990550000155,16.5,100.0,0.0,0.0
dang,gil262_gen2_m2.txt,263,2,2,6664.0,6664.0,6539.0,176.7766952966369,3.090543450000041,3.090543450000041,19.0,50.0,1.875750300120048,3.751500600240096
dang,gil262_gen2_m3.txt,263,3,2,5028.0,5028.0,4925.5,144.95689014324225,2.489908649999961,2.489908649999961,19.5,50.0,2.0385839299920447,4.0771678599840895
dang,gil262_gen3_m2.txt,263,2,2,6188.0,6188.0,6041.0,207.88939366884497,4.289607200000319,4.289607200000319,19.0,50.0,2.3755656108597285,4.751131221719457
dang,gil262_gen3_m4.txt,263,4,2,2319.0,2319.0,2219.0,141.4213562373095,2.3564980000001015,2.3564980000001015,13.5,50.0,4.3122035360068995,8.624407072013799
dang,gil262a_m2.txt,251,2,2,3884.0,3884.0,3813.5,99.7020561473032,1.712798350000412,1.712798350000412,16.5,50.0,1.8151390319258498,3.6302780638516996
dang,gil262a_m4.txt,251,4,2,2944.0,2944.0,2771.5,243.9518395093589,1.2920153000000028,1.2920153000000028,16.5,50.0,5.859375,11.71875
dang,gil262b_m2.txt,251,2,2,7450.0,7450.0,7263.0,264.45793616376875,3.4279803499998707,3.4279803499998707,11.5,50.0,2.51006711409396,5.02013422818792
dang,gil262b_m3.txt,251,3,2,6724.0,6724.0,6434.5,409.414826307011,2.999801699999807,2.999801699999807,17.0,50.0,4.305472932778108,8.610945865556216
dang,gil262b_m4.txt,251,4,2,5910.0,5910.0,5875.0,49.49747468305833,2.7331868999995095,2.7331868999995095,13.0,50.0,0.5922165820642978,1.1844331641285957
dang,gil262c_m2.txt,251,2,2,10238.0,10238.0,10202.5,50.204581464244875,4.973593649999657,4.973593649999657,19.5,50.0,0.3467474116038289,0.6934948232076578
dang,gil262c_m3.txt,251,3,2,9350.0,9350.0,9170.5,253.85133444597056,4.312193250000291,4.312193250000291,19.5,50.0,1.9197860962566846,3.8395721925133692
dang,gil262c_m4.txt,251,4,2,8694.0,8694.0,8425.5,379.716341497176,4.330158499999925,4.330158499999925,20.0,50.0,3.088336783988958,6.176673567977916
dang,gr229_gen1_m4.txt,230,4,2,216.0,216.0,215.5,0.7071067811865476,3.6464649999998073,3.6464649999998073,9.0,50.0,0.23148148148148145,0.4629629629629629
dang,gr229_gen2_m3.txt,230,3,2,11120.0,11120.0,11120.0,0.0,3.97721754999975,3.97721754999975,0.0,100.0,0.0,0.0
dang,gr229_gen2_m4.txt,230,4,2,11083.0,11083.0,11078.5,6.363961030678928,3.577942150000581,3.577942150000581,15.5,50.0,0.04060272489398178,0.08120544978796355
dang,gr229_gen3_m3.txt,230,3,2,7355.0,7355.0,7355.0,0.0,3.9128344499995364,3.9128344499995364,0.5,100.0,0.0,0.0
dang,gr229_gen3_m4.txt,230,4,2,7355.0,7355.0,7355.0,0.0,3.5903220499999406,3.5903220499999406,13.0,100.0,0.0,0.0
dang,kroA150_gen2_m2.txt,151,2,2,4187.0,4187.0,4136.5,71.4177848998413,0.7289879499999188,0.7289879499999188,7.0,50.0,1.2061141628851206,2.4122283257702413
dang,kroA150_gen3_m3.txt,151,3,2,2203.0,2203.0,2188.0,21.213203435596427,0.5465077499998188,0.5465077499998188,18.5,50.0,0.6808896958692692,1.3617793917385383
dang,kroA200_gen1_m4.txt,201,4,2,76.0,76.0,74.5,2.1213203435596424,1.1129645500000152,1.1129645500000152,18.5,50.0,1.9736842105263157,3.9473684210526314
dang,kroB200_gen1_m2.txt,201,2,2,99.0,99.0,96.0,4.242640687119285,1.5100188999995225,1.5100188999995225,9.0,50.0,3.0303030303030303,6.0606060606060606
dang,kroB200_gen2_m2.txt,201,2,2,5607.0,5607.0,5394.0,301.22748878546923,1.5644065999999839,1.5644065999999839,17.5,50.0,3.7988228999464955,7.597645799892991
dang,kroB200_gen2_m4.txt,201,4,2,4141.0,4141.0,4110.0,43.840620433565945,1.2010198500001934,1.2010198500001934,16.5,50.0,0.7486114465105047,1.4972228930210094
dang,kroB200_gen3_m2.txt,201,2,2,3189.0,3189.0,3059.5,183.1406563273158,1.8773481000002903,1.8773481000002903,18.5,50.0,4.0608341172781435,8.121668234556287
dang,kroB200_gen3_m3.txt,201,3,2,2565.0,2565.0,2397.5,236.88077169749343,1.7719498999999814,1.7719498999999814,19.5,50.0,6.530214424951267,13.060428849902534
dang,lin318_gen1_m2.txt,319,2,2,159.0,159.0,155.5,4.949747468305833,6.414529550000225,6.414529550000225,15.5,50.0,2.20125786163522,4.40251572327044
dang,lin318_gen1_m3.txt,319,3,2,128.0,128.0,127.5,0.7071067811865476,5.083833650000088,5.083833650000088,16.0,50.0,0.390625,0.78125
dang,lin318_gen2_m2.txt,319,2,2,8191.0,8191.0,8153.5,53.033008588991066,6.472976750000271,6.472976750000271,15.5,50.0,0.45781955805151997,0.9156391161030399
dang,lin318_gen2_m3.txt,319,3,2,7102.0,7102.0,6846.0,362.03867196751236,5.302940199999284,5.302940199999284,16.5,50.0,3.604618417347226,7.209236834694452
dang,lin318_gen3_m2.txt,319,2,2,6471.0,6471.0,6370.5,142.12846301849606,6.91510819999985,6.91510819999985,13.5,50.0,1.5530829856281874,3.1061659712563747
dang,lin318_gen3_m4.txt,319,4,2,3367.0,3367.0,3148.5,309.00566337852126,4.337969599999269,4.337969599999269,7.0,50.0,6.489456489456489,12.978912978912978
dang,pr136_gen1_m2.txt,137,2,2,59.0,59.0,58.5,0.7071067811865476,0.47342815000047267,0.47342815000047267,6.0,50.0,0.847457627118644,1.694915254237288
dang,pr136_gen2_m2.txt,137,2,2,3540.0,3540.0,3513.5,37.476659402887016,0.4933807000006709,0.4933807000006709,10.5,50.0,0.748587570621469,1.497175141242938
dang,pr264_gen1_m4.txt,265,4,2,99.0,99.0,92.0,9.899494936611665,2.5539460999998482,2.5539460999998482,7.5,50.0,7.07070707070707,14.14141414141414
dang,pr264_gen2_m2.txt,265,2,2,6486.0,6486.0,6455.0,43.840620433565945,3.364628850000372,3.364628850000372,18.5,50.0,0.4779525131051496,0.9559050262102992
dang,pr264_gen2_m3.txt,265,3,2,6117.0,6117.0,5933.5,259.50818869546293,3.082645400000729,3.082645400000729,8.5,50.0,2.9998365211705083,5.9996730423410165
dang,pr264_gen2_m4.txt,265,4,2,5068.0,5068.0,5014.0,76.36753236814714,2.8738086499997735,2.8738086499997735,16.0,50.0,1.0655090765588004,2.131018153117601
dang,pr264_gen3_m3.txt,265,3,2,2430.0,2430.0,2430.0,0.0,3.563028100000338,3.563028100000338,1.5,100.0,0.0,0.0
dang,pr299_gen1_m2.txt,300,2,2,129.0,129.0,126.0,4.242640687119285,3.8791456999997536,3.8791456999997536,13.5,50.0,2.3255813953488373,4.651162790697675
dang,pr299_gen1_m3.txt,300,3,2,103.0,103.0,102.5,0.7071067811865476,3.042479450000428,3.042479450000428,12.5,50.0,0.48543689320388345,0.9708737864077669
dang,pr299_gen1_m4.txt,300,4,2,77.0,77.0,76.5,0.7071067811865476,2.2793865499988897,2.2793865499988897,10.0,50.0,0.6493506493506493,1.2987012987012987
dang,pr299_gen2_m3.txt,300,3,2,5546.0,5546.0,5433.5,159.0990257669732,3.02073990000099,3.02073990000099,16.5,50.0,2.028489001081861,4.056978002163722
dang,pr299_gen2_m4.txt,300,4,2,4129.0,4129.0,4058.5,99.7020561473032,2.266356750000341,2.266356750000341,12.5,50.0,1.7074352143376121,3.4148704286752243
dang,pr299_gen3_m2.txt,300,2,2,4987.0,4987.0,4928.0,83.43860018001261,4.8898289000007935,4.8898289000007935,18.5,50.0,1.1830759975937437,2.3661519951874874
dang,pr299_gen3_m3.txt,300,3,2,3144.0,3144.0,3040.5,146.37110370561533,3.4748850000005405,3.4748850000005405,18.5,50.0,3.2919847328244276,6.583969465648855
dang,pr299_gen3_m4.txt,300,4,2,2152.0,2152.0,2087.0,91.92388155425118,2.518992100000105,2.518992100000105,10.5,50.0,3.020446096654275,6.04089219330855
dang,rat195_gen2_m2.txt,196,2,2,4675.0,4675.0,4639.5,50.204581464244875,1.1710535000001983,1.1710535000001983,17.0,50.0,0.7593582887700534,1.5187165775401068
dang,rat195_gen3_m3.txt,196,3,2,2450.0,2450.0,2405.0,63.63961030678928,1.2635740499999883,1.2635740499999883,15.5,50.0,1.8367346938775513,3.6734693877551026
dang,rd400_gen1_m2.txt,401,2,2,206.0,206.0,205.5,0.7071067811865476,14.020843150000474,14.020843150000474,18.5,50.0,0.24271844660194172,0.48543689320388345
dang,rd400_gen1_m3.txt,401,3,2,195.0,195.0,193.5,2.1213203435596424,13.657492700000148,13.657492700000148,19.0,50.0,0.7692307692307693,1.5384615384615385
dang,rd400_gen1_m4.txt,401,4,2,192.0,192.0,186.0,8.48528137423857,11.871151850000388,11.871151850000388,20.0,50.0,3.125,6.25
dang,rd400_gen2_m2.txt,401,2,2,11835.0,11835.0,11203.0,893.7829714197961,12.85204474999955,12.85204474999955,17.0,50.0,5.340092944655683,10.680185889311366
dang,rd400_gen2_m3.txt,401,3,2,11073.0,11073.0,10741.0,469.51890270786754,12.855573849999928,12.855573849999928,19.0,50.0,2.9982841145127788,5.9965682290255575
dang,rd400_gen2_m4.txt,401,4,2,9886.0,9886.0,9857.5,40.30508652763321,11.446632000000136,11.446632000000136,20.0,50.0,0.28828646570908356,0.5765729314181671
dang,rd400_gen3_m2.txt,401,2,2,11044.0,11044.0,10507.5,758.7255762131655,14.789015300000756,14.789015300000756,19.5,50.0,4.857841361825425,9.71568272365085
dang,rd400_gen3_m3.txt,401,3,2,10026.0,10026.0,9625.5,566.3925317304246,15.183910499999001,15.183910499999001,16.0,50.0,3.9946140035906645,7.989228007181329
dang,rd400_gen3_m4.txt,401,4,2,8412.0,8412.0,8117.0,417.19300090006305,13.523956900000485,13.523956900000485,15.5,50.0,3.5068949120304325,7.013789824060865
dang,ts225_gen2_m2.txt,226,2,2,5213.0,5213.0,5032.0,255.9726547895302,2.068473399999675,2.068473399999675,14.0,50.0,3.4720890082486093,6.944178016497219
vansteenwegen,bier127_gen1_m2.txt,128,2,2,101.0,101.0,101.0,0.0,1.1607844499994826,1.1607844499994826,15.5,100.0,0.0,0.0
vansteenwegen,bier127_gen1_m3.txt,128,3,2,97.0,97.0,95.5,2.1213203435596424,1.1123186499999065,1.1123186499999065,6.5,50.0,1.5463917525773196,3.0927835051546393
vansteenwegen,bier127_gen2_m2.txt,128,2,2,5354.0,5354.0,5247.0,151.32085117392117,0.9840198499996404,0.9840198499996404,18.0,50.0,1.998505790063504,3.997011580127008
vansteenwegen,bier127_gen2_m3.txt,128,3,2,5013.0,5013.0,4982.5,43.1335136523794,0.8960510000006252,0.8960510000006252,13.5,50.0,0.6084181129064433,1.2168362258128866
vansteenwegen,bier127_gen2_m4.txt,128,4,2,4820.0,4820.0,4745.0,106.06601717798213,0.8208068499998262,0.8208068499998262,20.0,50.0,1.5560165975103735,3.112033195020747
vansteenwegen,bier127_gen3_m2.txt,128,2,2,2681.0,2681.0,2672.5,12.020815280171307,0.8600174999992305,0.8600174999992305,15.0,50.0,0.3170458784035807,0.6340917568071615
vansteenwegen,bier127_gen3_m3.txt,128,3,2,2404.0,2404.0,2370.0,48.08326112068523,0.8174252500002694,0.8174252500002694,13.0,50.0,1.4143094841930115,2.828618968386023
vansteenwegen,bier127_gen3_m4.txt,128,4,2,2109.0,2109.0,2093.5,21.920310216782973,0.8611164500007362,0.8611164500007362,18.0,50.0,0.734945471787577,1.469890943575154
vansteenwegen,cmt101c_m3.txt,102,3,2,1230.0,1230.0,1220.0,14.142135623730951,0.3805579999998372,0.3805579999998372,10.0,50.0,0.8130081300813009,1.6260162601626018
vansteenwegen,cmt151b_m3.txt,152,3,2,1303.0,1303.0,1282.5,28.991378028648448,0.9002164999992601,0.9002164999992601,11.5,50.0,1.5732924021488872,3.1465848042977744
vansteenwegen,cmt151c_m2.txt,152,2,2,1861.0,1861.0,1842.0,26.870057685088806,1.315593200000876,1.315593200000876,18.0,50.0,1.0209564750134337,2.0419129500268673
vansteenwegen,cmt151c_m3.txt,152,3,2,1773.0,1773.0,1772.5,0.7071067811865476,1.3138148999996702,1.3138148999996702,19.5,50.0,0.028200789622109423,0.05640157924421885
vansteenwegen,cmt151c_m4.txt,152,4,2,1680.0,1680.0,1675.5,6.363961030678928,1.2670072499995513,1.2670072499995513,16.5,50.0,0.26785714285714285,0.5357142857142857
vansteenwegen,cmt200b_m2.txt,201,2,2,2007.0,2007.0,1931.5,106.77312395916867,1.9877082500006509,1.9877082500006509,14.5,50.0,3.761833582461385,7.52366716492277
vansteenwegen,cmt200b_m3.txt,201,3,2,1872.0,1872.0,1870.0,2.8284271247461903,2.0575043499993626,2.0575043499993626,17.5,50.0,0.10683760683760685,0.2136752136752137
vansteenwegen,cmt200b_m4.txt,201,4,2,1692.0,1692.0,1625.0,94.75230867899737,1.8301111499995386,1.8301111499995386,20.0,50.0,3.959810874704492,7.919621749408984
vansteenwegen,cmt200c_m2.txt,201,2,2,2721.0,2721.0,2715.0,8.48528137423857,2.9076532999997653,2.9076532999997653,16.5,50.0,0.2205071664829107,0.4410143329658214
vansteenwegen,cmt200c_m3.txt,201,3,2,2547.0,2547.0,2507.0,56.568542494923804,2.657185899999604,2.657185899999604,19.5,50.0,1.5704750687082842,3.1409501374165685
vansteenwegen,cmt200c_m4.txt,201,4,2,2342.0,2342.0,2321.5,28.991378028648448,2.5775928499997462,2.5775928499997462,13.0,50.0,0.8753202391118702,1.7506404782237404
vansteenwegen,eil101b_m3.txt,102,3,2,904.0,904.0,890.0,19.79898987322333,0.30193710000003193,0.30193710000003193,18.0,50.0,1.5486725663716814,3.0973451327433628
vansteenwegen,eil101c_m2.txt,102,2,2,1291.0,1291.0,1277.0,19.79898987322333,0.4414077499995983,0.4414077499995983,13.5,50.0,1.0844306738962044,2.168861347792409
vansteenwegen,eil101c_m3.txt,102,3,2,1216.0,1216.0,1200.0,22.627416997969522,0.4115012000002025,0.4115012000002025,16.0,50.0,1.3157894736842104,2.631578947368421
vansteenwegen,gil262_gen1_m3.txt,263,3,2,84.0,84.0,81.5,3.5355339059327378,2.260373449999861,2.260373449999861,15.0,50.0,2.976190476190476,5.952380952380952
vansteenwegen,gil262_gen1_m4.txt,263,4,2,73.0,73.0,73.0,0.0,1.9734998000003543,1.9734998000003543,16.5,100.0,0.0,0.0
vansteenwegen,gil262_gen2_m2.txt,263,2,2,6664.0,6664.0,6539.0,176.7766952966369,3.520502000000306,3.520502000000306,19.0,50.0,1.875750300120048,3.751500600240096
vansteenwegen,gil262_gen2_m3.txt,263,3,2,5028.0,5028.0,4925.5,144.95689014324225,3.349637050000638,3.349637050000638,19.5,50.0,2.0385839299920447,4.0771678599840895
vansteenwegen,gil262_gen3_m2.txt,263,2,2,6188.0,6188.0,6041.0,207.88939366884497,5.849553949999972,5.849553949999972,19.0,50.0,2.3755656108597285,4.751131221719457
vansteenwegen,gil262_gen3_m4.txt,263,4,2,2319.0,2319.0,2219.0,141.4213562373095,2.19751554999948,2.19751554999948,13.5,50.0,4.3122035360068995,8.624407072013799
vansteenwegen,gil262a_m2.txt,251,2,2,3884.0,3884.0,3813.5,99.7020561473032,1.8752705500000957,1.8752705500000957,16.5,50.0,1.8151390319258498,3.6302780638516996
vansteenwegen,gil262a_m4.txt,251,4,2,2944.0,2944.0,2771.5,243.9518395093589,1.2260013499999332,1.2260013499999332,16.5,50.0,5.859375,11.71875
vansteenwegen,gil262b_m2.txt,251,2,2,7450.0,7450.0,7263.0,264.45793616376875,3.692769200000839,3.692769200000839,11.5,50.0,2.51006711409396,5.02013422818792
vansteenwegen,gil262b_m3.txt,251,3,2,6724.0,6724.0,6434.5,409.414826307011,3.421614799998679,3.421614799998679,17.0,50.0,4.305472932778108,8.610945865556216
vansteenwegen,gil262b_m4.txt,251,4,2,5910.0,5910.0,5875.0,49.49747468305833,3.1290671000006114,3.1290671000006114,13.0,50.0,0.5922165820642978,1.1844331641285957
vansteenwegen,gil262c_m2.txt,251,2,2,10238.0,10238.0,10202.5,50.204581464244875,5.334744800000408,5.334744800000408,19.5,50.0,0.3467474116038289,0.6934948232076578
vansteenwegen,gil262c_m3.txt,251,3,2,9350.0,9350.0,9170.5,253.85133444597056,4.906473549999646,4.906473549999646,19.5,50.0,1.9197860962566846,3.8395721925133692
vansteenwegen,gil262c_m4.txt,251,4,2,8694.0,8694.0,8425.5,379.716341497176,4.703264849999869,4.703264849999869,20.0,50.0,3.088336783988958,6.176673567977916
vansteenwegen,gr229_gen1_m4.txt,230,4,2,216.0,216.0,215.5,0.7071067811865476,4.074863149999146,4.074863149999146,9.0,50.0,0.23148148148148145,0.4629629629629629
vansteenwegen,gr229_gen2_m3.txt,230,3,2,11120.0,11120.0,11120.0,0.0,4.2257517500001995,4.2257517500001995,0.0,100.0,0.0,0.0
vansteenwegen,gr229_gen2_m4.txt,230,4,2,11083.0,11083.0,11078.5,6.363961030678928,4.157291800001076,4.157291800001076,15.5,50.0,0.04060272489398178,0.08120544978796355
vansteenwegen,gr229_gen3_m3.txt,230,3,2,7355.0,7355.0,7355.0,0.0,4.207630100000642,4.207630100000642,0.5,100.0,0.0,0.0
vansteenwegen,gr229_gen3_m4.txt,230,4,2,7355.0,7355.0,7355.0,0.0,3.9571595999996134,3.9571595999996134,13.0,100.0,0.0,0.0
vansteenwegen,kroA150_gen2_m2.txt,151,2,2,4187.0,4187.0,4136.5,71.4177848998413,0.89307645000099,0.89307645000099,7.0,50.0,1.2061141628851206,2.4122283257702413
vansteenwegen,kroA150_gen3_m3.txt,151,3,2,2203.0,2203.0,2188.0,21.213203435596427,0.6444854999999734,0.6444854999999734,18.5,50.0,0.6808896958692692,1.3617793917385383
vansteenwegen,kroA200_gen1_m4.txt,201,4,2,76.0,76.0,74.5,2.1213203435596424,1.6508899499995096,1.6508899499995096,18.5,50.0,1.9736842105263157,3.9473684210526314
vansteenwegen,kroB200_gen1_m2.txt,201,2,2,99.0,99.0,96.0,4.242640687119285,1.7858077500004583,1.7858077500004583,9.0,50.0,3.0303030303030303,6.0606060606060606
vansteenwegen,kroB200_gen2_m2.txt,201,2,2,5607.0,5607.0,5394.0,301.22748878546923,1.808869649999906,1.808869649999906,17.5,50.0,3.7988228999464955,7.597645799892991
vansteenwegen,kroB200_gen2_m4.txt,201,4,2,4141.0,4141.0,4110.0,43.840620433565945,1.351736150000761,1.351736150000761,16.5,50.0,0.7486114465105047,1.4972228930210094
vansteenwegen,kroB200_gen3_m2.txt,201,2,2,3189.0,3189.0,3059.5,183.1406563273158,1.8276166499999817,1.8276166499999817,18.5,50.0,4.0608341172781435,8.121668234556287
vansteenwegen,kroB200_gen3_m3.txt,201,3,2,2565.0,2565.0,2397.5,236.88077169749343,1.696057899999687,1.696057899999687,19.5,50.0,6.530214424951267,13.060428849902534
vansteenwegen,pr136_gen1_m2.txt,137,2,2,59.0,59.0,58.0,1.4142135623730951,0.5056769000002532,0.5056769000002532,8.0,50.0,1.694915254237288,3.389830508474576
vansteenwegen,pr136_gen2_m2.txt,137,2,2,3512.0,3512.0,3423.5,125.15790027001891,0.5771879000003537,0.5771879000003537,16.5,50.0,2.5199316628701594,5.039863325740319
vansteenwegen,pr264_gen1_m4.txt,265,4,2,99.0,99.0,99.0,0.0,2.9886937000001126,2.9886937000001126,10.0,100.0,0.0,0.0
vansteenwegen,pr264_gen2_m2.txt,265,2,2,6516.0,6516.0,6484.5,44.54772721475249,3.823771850000412,3.823771850000412,14.0,50.0,0.48342541436464087,0.9668508287292817
vansteenwegen,pr264_gen2_m3.txt,265,3,2,6293.0,6293.0,6128.0,233.3452377915607,3.5377265000006446,3.5377265000006446,18.0,50.0,2.6219609089464484,5.243921817892897
vansteenwegen,pr264_gen2_m4.txt,265,4,2,5321.0,5321.0,5224.5,136.47160876900367,3.004053250000652,3.004053250000652,18.0,50.0,1.8135688780304453,3.6271377560608906
vansteenwegen,pr264_gen3_m3.txt,265,3,2,2430.0,2430.0,2414.5,21.920310216782973,4.136467399999674,4.136467399999674,3.0,50.0,0.6378600823045267,1.2757201646090535
vansteenwegen,pr299_gen1_m2.txt,300,2,2,131.0,131.0,130.0,1.4142135623730951,5.0309935999994195,5.0309935999994195,16.5,50.0,0.7633587786259541,1.5267175572519083
vansteenwegen,pr299_gen1_m3.txt,300,3,2,105.0,105.0,100.0,7.0710678118654755,3.5337123000008432,3.5337123000008432,13.0,50.0,4.761904761904762,9.523809523809524
vansteenwegen,pr299_gen1_m4.txt,300,4,2,81.0,81.0,78.0,4.242640687119285,2.993217499999446,2.993217499999446,4.5,50.0,3.7037037037037033,7.4074074074074066
vansteenwegen,pr299_gen2_m3.txt,300,3,2,5415.0,5415.0,5261.0,217.78888860545663,3.65210339999976,3.65210339999976,18.5,50.0,2.8439519852262234,5.687903970452447
vansteenwegen,pr299_gen2_m4.txt,300,4,2,4313.0,4313.0,4174.5,195.86857838867365,2.8433184499999697,2.8433184499999697,10.0,50.0,3.211221887317413,6.422443774634826
vansteenwegen,pr299_gen3_m2.txt,300,2,2,4594.0,4594.0,4562.5,44.54772721475249,5.40877564999937,5.40877564999937,19.0,50.0,0.6856769699608184,1.3713539399216368
vansteenwegen,pr299_gen3_m3.txt,300,3,2,3237.0,3237.0,3149.0,124.45079348883236,3.9788518499999554,3.9788518499999554,19.5,50.0,2.718566573988261,5.437133147976522
vansteenwegen,pr299_gen3_m4.txt,300,4,2,2091.0,2091.0,1924.0,236.17366491630688,2.8120654000003924,2.8120654000003924,13.0,50.0,7.986609277857484,15.973218555714968
vansteenwegen,rat195_gen2_m2.txt,196,2,2,4798.0,4798.0,4707.5,127.9863273947651,1.5187696999992113,1.5187696999992113,14.0,50.0,1.8862025844101709,3.7724051688203417
vansteenwegen,rat195_gen3_m3.txt,196,3,2,2352.0,2352.0,2237.5,161.92745289171938,1.3821348999999827,1.3821348999999827,17.0,50.0,4.868197278911564,9.736394557823129
vansteenwegen,ts225_gen2_m2.txt,226,2,2,5644.0,5644.0,5397.0,349.31074990615446,2.2316790000004403,2.2316790000004403,16.5,50.0,4.376328844790929,8.752657689581858
