dataset,instance,num_nodes,mean_cpu_time_seconds
chao,p4.2.a.txt,100,0.052515500000026805
chao,p4.2.b.txt,100,0.07317725000029895
chao,p4.2.c.txt,100,0.10941744999990988
chao,p4.2.d.txt,100,0.14838085000064893
chao,p4.2.e.txt,100,0.17184429999952044
chao,p4.2.f.txt,100,0.1893779000001814
chao,p4.2.g.txt,100,0.22124574999998003
chao,p4.2.h.txt,100,0.24062964999984615
chao,p4.2.i.txt,100,0.27609219999931156
chao,p4.2.j.txt,100,0.2766406499999903
chao,p4.2.k.txt,100,0.31864325000015015
chao,p4.2.l.txt,100,0.3028485000004366
chao,p4.2.m.txt,100,0.34372634999954244
chao,p4.2.n.txt,100,0.3836812499998814
chao,p4.2.o.txt,100,0.5395697499998278
chao,p4.2.p.txt,100,0.4493677000000389
chao,p4.2.q.txt,100,0.3555233000001863
chao,p4.2.r.txt,100,0.37143285000001924
chao,p4.2.s.txt,100,0.377682399999685
chao,p4.2.t.txt,100,0.38243659999989177
chao,p4.3.a.txt,100,0.008222299999943061
chao,p4.3.b.txt,100,0.02734150000014779
chao,p4.3.c.txt,100,0.07791240000005928
chao,p4.3.d.txt,100,0.12152935000040088
chao,p4.3.e.txt,100,0.15233125000077052
chao,p4.3.f.txt,100,0.18070019999959186
chao,p4.3.g.txt,100,0.21613654999964638
chao,p4.3.h.txt,100,0.26725334999946426
chao,p4.3.i.txt,100,0.36145265000004656
chao,p4.3.j.txt,100,0.29502129999991666
chao,p4.3.k.txt,100,0.3740296999999373
chao,p4.3.l.txt,100,0.3827089500000511
chao,p4.3.m.txt,100,0.360961750000115
chao,p4.3.n.txt,100,0.3521294000006492
chao,p4.3.o.txt,100,0.3637143500000093
chao,p4.3.p.txt,100,0.37233000000014727
chao,p4.3.q.txt,100,0.41445840000005774
chao,p4.3.r.txt,100,0.3866478999998435
chao,p4.3.s.txt,100,0.36398929999995744
chao,p4.3.t.txt,100,0.371529599999576
chao,p4.4.a.txt,100,0.009403000000020256
chao,p4.4.b.txt,100,0.011081149999881745
chao,p4.4.c.txt,100,0.009130600000389677
chao,p4.4.d.txt,100,0.028276900000491878
chao,p4.4.e.txt,100,0.07830480000029638
chao,p4.4.f.txt,100,0.12494800000013129
chao,p4.4.g.txt,100,0.17585105000034673
chao,p4.4.h.txt,100,0.2570897000000514
chao,p4.4.i.txt,100,0.2609504500001094
chao,p4.4.j.txt,100,0.26195174999929804
chao,p4.4.k.txt,100,0.2988081999997121
chao,p4.4.l.txt,100,0.3215608999998949
chao,p4.4.m.txt,100,0.3367511499995999
chao,p4.4.n.txt,100,0.3604112499997427
chao,p4.4.o.txt,100,0.35977444999980435
chao,p4.4.p.txt,100,0.3747243500001787
chao,p4.4.q.txt,100,0.3672635500006436
chao,p4.4.r.txt,100,0.3753907000000254
chao,p4.4.s.txt,100,0.401874300000145
chao,p4.4.t.txt,100,0.4141391999996813
chao,p5.2.a.txt,66,0.003990699999576464
chao,p5.2.b.txt,66,0.01573710000002393
chao,p5.2.c.txt,66,0.018633849999787344
chao,p5.2.d.txt,66,0.024530650000542664
chao,p5.2.e.txt,66,0.03186920000007376
chao,p5.2.f.txt,66,0.033566500000233646
chao,p5.2.g.txt,66,0.045288000000255124
chao,p5.2.h.txt,66,0.04965200000015102
chao,p5.2.i.txt,66,0.054219649999595276
chao,p5.2.j.txt,66,0.06094650000022739
chao,p5.2.k.txt,66,0.06856245000017225
chao,p5.2.l.txt,66,0.07968170000003738
chao,p5.2.m.txt,66,0.0965237000000343
chao,p5.2.n.txt,66,0.09540695000032429
chao,p5.2.o.txt,66,0.10498564999988957
chao,p5.2.p.txt,66,0.11865904999967825
chao,p5.2.q.txt,66,0.10291595000035159
chao,p5.2.r.txt,66,0.10737364999977217
chao,p5.2.s.txt,66,0.11564485000008062
chao,p5.2.t.txt,66,0.12071294999987003
chao,p5.2.u.txt,66,0.11919285000021773
chao,p5.2.v.txt,66,0.11312850000012986
chao,p5.2.w.txt,66,0.1254228999996485
chao,p5.2.x.txt,66,0.1323409999999967
chao,p5.2.y.txt,66,0.1187316000005012
chao,p5.2.z.txt,66,0.1276059500005431
chao,p5.3.a.txt,66,0.0047595999999430205
chao,p5.3.b.txt,66,0.0259760499998265
chao,p5.3.c.txt,66,0.022985700000390352
chao,p5.3.d.txt,66,0.0283403499997803
chao,p5.3.e.txt,66,0.03577244999996765
chao,p5.3.f.txt,66,0.03141439999990325
chao,p5.3.g.txt,66,0.04139544999998179
chao,p5.3.h.txt,66,0.05132439999988492
chao,p5.3.i.txt,66,0.05328099999951519
chao,p5.3.j.txt,66,0.06254409999974087
chao,p5.3.k.txt,66,0.07642005000025165
chao,p5.3.l.txt,66,0.07712325000011333
chao,p5.3.m.txt,66,0.09338109999953303
chao,p5.3.n.txt,66,0.09553160000041316
chao,p5.3.o.txt,66,0.11412239999981466
chao,p5.3.p.txt,66,0.11013860000002751
chao,p5.3.q.txt,66,0.1255049000001236
chao,p5.3.r.txt,66,0.13338844999952926
chao,p5.3.s.txt,66,0.11306270000022778
chao,p5.3.t.txt,66,0.11734894999972312
chao,p5.3.u.txt,66,0.12576549999994313
chao,p5.3.v.txt,66,0.13321759999962524
chao,p5.3.w.txt,66,0.12356440000030489
chao,p5.3.x.txt,66,0.15997874999993655
chao,p5.3.y.txt,66,0.12558560000024954
chao,p5.3.z.txt,66,0.12394394999955693
chao,p5.4.a.txt,66,0.009593599999789149
chao,p5.4.b.txt,66,0.0073258000002169865
chao,p5.4.c.txt,66,0.02438659999961601
chao,p5.4.d.txt,66,0.030218849999982922
chao,p5.4.e.txt,66,0.024075449999600096
chao,p5.4.f.txt,66,0.04088045000025886
chao,p5.4.g.txt,66,0.04486545000008846
chao,p5.4.h.txt,66,0.04901174999986324
chao,p5.4.i.txt,66,0.06374909999976808
chao,p5.4.j.txt,66,0.0772476999995888
chao,p5.4.k.txt,66,0.07209445000034975
chao,p5.4.l.txt,66,0.07855015000041021
chao,p5.4.m.txt,66,0.08710324999992736
chao,p5.4.n.txt,66,0.09441759999981514
chao,p5.4.o.txt,66,0.13119054999970103
chao,p5.4.p.txt,66,0.11978089999956865
chao,p5.4.q.txt,66,0.11738175000027695
chao,p5.4.r.txt,66,0.1138086500004647
chao,p5.4.s.txt,66,0.13200855000059164
chao,p5.4.t.txt,66,0.1303044500004944
chao,p5.4.u.txt,66,0.13122829999974783
chao,p5.4.v.txt,66,0.13913814999978058
chao,p5.4.w.txt,66,0.13691919999973834
chao,p5.4.x.txt,66,0.14260765000017273
chao,p5.4.y.txt,66,0.12196804999985034
chao,p5.4.z.txt,66,0.20735200000035547
chao,p6.2.a.txt,64,0.006008199999996577
chao,p6.2.b.txt,64,0.0062265499996101425
chao,p6.2.c.txt,64,0.004490049999731127
chao,p6.2.d.txt,64,0.07266639999988911
chao,p6.2.e.txt,64,0.08609959999967032
chao,p6.2.f.txt,64,0.12099790000002031
chao,p6.2.g.txt,64,0.13768845000004148
chao,p6.2.h.txt,64,0.0914044000001013
chao,p6.2.i.txt,64,0.10639485000046989
chao,p6.2.j.txt,64,0.11838244999989911
chao,p6.2.k.txt,64,0.12006454999982452
chao,p6.2.l.txt,64,0.11259019999988595
chao,p6.2.m.txt,64,0.10818784999992204
chao,p6.2.n.txt,64,0.12033429999974032
chao,p6.3.a.txt,64,0.004635199999938777
chao,p6.3.b.txt,64,0.004621300000053452
chao,p6.3.c.txt,64,0.00459709999995539
chao,p6.3.d.txt,64,0.004659300000184885
chao,p6.3.e.txt,64,0.004744899999877816
chao,p6.3.f.txt,64,0.004651800000374351
chao,p6.3.g.txt,64,0.055698799999845505
chao,p6.3.h.txt,64,0.0707095500001742
chao,p6.3.i.txt,64,0.09732480000002397
chao,p6.3.j.txt,64,0.10865354999987176
chao,p6.3.k.txt,64,0.11688019999974131
chao,p6.3.l.txt,64,0.10906924999972034
chao,p6.3.m.txt,64,0.11722259999987727
chao,p6.3.n.txt,64,0.12120194999988598
chao,p6.4.a.txt,64,0.005499099999724422
chao,p6.4.b.txt,64,0.009264900000289344
chao,p6.4.c.txt,64,0.015958950000367622
chao,p6.4.d.txt,64,0.011421050000080868
chao,p6.4.e.txt,64,0.005918249999922409
chao,p6.4.f.txt,64,0.0057029499998861866
chao,p6.4.g.txt,64,0.005755649999628076
chao,p6.4.h.txt,64,0.005715150000014546
chao,p6.4.i.txt,64,0.006341650000194932
chao,p6.4.j.txt,64,0.0710910499997226
chao,p6.4.k.txt,64,0.08599294999976337
chao,p6.4.l.txt,64,0.11771395000005214
chao,p6.4.m.txt,64,0.13640745000020615
chao,p6.4.n.txt,64,0.13780180000003384
chao,p7.2.a.txt,102,0.02489980000018477
chao,p7.2.b.txt,102,0.029444400000102178
chao,p7.2.c.txt,102,0.03421889999981431
chao,p7.2.d.txt,102,0.0577946499997779
chao,p7.2.e.txt,102,0.07444504999966739
chao,p7.2.f.txt,102,0.1031315000000177
chao,p7.2.g.txt,102,0.10601479999968433
chao,p7.2.h.txt,102,0.13171684999997524
chao,p7.2.i.txt,102,0.16380740000022342
chao,p7.2.j.txt,102,0.18474950000063473
chao,p7.2.k.txt,102,0.20661710000013045
chao,p7.2.l.txt,102,0.22020830000019487
chao,p7.2.m.txt,102,0.22555019999981596
chao,p7.2.n.txt,102,0.2661756500001502
chao,p7.2.o.txt,102,0.32393914999966
chao,p7.2.p.txt,102,0.2788777500004471
chao,p7.2.q.txt,102,0.3146671499994227
chao,p7.2.r.txt,102,0.3317125999997188
chao,p7.2.s.txt,102,0.3343550999998115
chao,p7.2.t.txt,102,0.35877769999979137
chao,p7.3.a.txt,102,0.00828315000035218
chao,p7.3.b.txt,102,0.02610740000000078
chao,p7.3.c.txt,102,0.03836974999967424
chao,p7.3.d.txt,102,0.05417460000035135
chao,p7.3.e.txt,102,0.058176450000246405
chao,p7.3.f.txt,102,0.07501174999970317
chao,p7.3.g.txt,102,0.10740569999961735
chao,p7.3.h.txt,102,0.126129199999923
chao,p7.3.i.txt,102,0.16007149999995818
chao,p7.3.j.txt,102,0.1904594999996334
chao,p7.3.k.txt,102,0.20297024999990754
chao,p7.3.l.txt,102,0.2079126499997983
chao,p7.3.m.txt,102,0.21754180000016277
chao,p7.3.n.txt,102,0.26201940000009927
chao,p7.3.o.txt,102,0.28638719999935347
chao,p7.3.p.txt,102,0.2969852000001083
chao,p7.3.q.txt,102,0.3034842000001845
chao,p7.3.r.txt,102,0.3572228500001984
chao,p7.3.s.txt,102,0.3129604499999914
chao,p7.3.t.txt,102,0.341247100000146
chao,p7.4.a.txt,102,0.009509499999694526
chao,p7.4.b.txt,102,0.02868914999999106
chao,p7.4.c.txt,102,0.034681150000324124
chao,p7.4.d.txt,102,0.04563240000015867
chao,p7.4.e.txt,102,0.060852700000396
chao,p7.4.f.txt,102,0.072836450000068
chao,p7.4.g.txt,102,0.08494255000005069
chao,p7.4.h.txt,102,0.1055250999997952
chao,p7.4.i.txt,102,0.13658434999979363
chao,p7.4.j.txt,102,0.16127479999977368
chao,p7.4.k.txt,102,0.1877540499999668
chao,p7.4.l.txt,102,0.20367625000017142
chao,p7.4.m.txt,102,0.21753754999963348
chao,p7.4.n.txt,102,0.2910432000003311
chao,p7.4.o.txt,102,0.29518030000008366
chao,p7.4.p.txt,102,0.3036552999997184
chao,p7.4.q.txt,102,0.3186148499999035
chao,p7.4.r.txt,102,0.3420878500000981
chao,p7.4.s.txt,102,0.34313464999968346
chao,p7.4.t.txt,102,0.34672234999970897
dang,bier127_gen1_m2.txt,128,0.7207258499997806
dang,bier127_gen1_m3.txt,128,0.7131346500004838
dang,bier127_gen2_m2.txt,128,0.7507897999998931
dang,bier127_gen2_m3.txt,128,0.7101470500001597
dang,bier127_gen2_m4.txt,128,0.7623818000001847
dang,bier127_gen3_m2.txt,128,0.7369182500001443
dang,bier127_gen3_m3.txt,128,0.7419549500000358
dang,bier127_gen3_m4.txt,128,0.7177317499995297
dang,cmt101c_m3.txt,102,0.3689586999998937
dang,cmt151b_m3.txt,152,0.8088382499995532
dang,cmt151c_m2.txt,152,1.146470400000453
dang,cmt151c_m3.txt,152,1.1439577500000269
dang,cmt151c_m4.txt,152,1.1416642999997748
dang,cmt200b_m2.txt,201,2.211283950000052
dang,cmt200b_m3.txt,201,2.181853100000353
dang,cmt200b_m4.txt,201,1.7558116499999414
dang,cmt200c_m2.txt,201,2.903016000000207
dang,cmt200c_m3.txt,201,2.4912429500000144
dang,cmt200c_m4.txt,201,2.485384449999856
dang,eil101b_m3.txt,102,0.2972768999998152
dang,eil101c_m2.txt,102,0.3838550000000396
dang,eil101c_m3.txt,102,0.38908489999994345
dang,gil262_gen1_m3.txt,263,2.0953383999994912
dang,gil262_gen1_m4.txt,263,2.161990550000155
dang,gil262_gen2_m2.txt,263,3.090543450000041
dang,gil262_gen2_m3.txt,263,2.489908649999961
dang,gil262_gen3_m2.txt,263,4.289607200000319
dang,gil262_gen3_m4.txt,263,2.3564980000001015
dang,gil262a_m2.txt,251,1.712798350000412
dang,gil262a_m4.txt,251,1.2920153000000028
dang,gil262b_m2.txt,251,3.4279803499998707
dang,gil262b_m3.txt,251,2.999801699999807
dang,gil262b_m4.txt,251,2.7331868999995095
dang,gil262c_m2.txt,251,4.973593649999657
dang,gil262c_m3.txt,251,4.312193250000291
dang,gil262c_m4.txt,251,4.330158499999925
dang,gr229_gen1_m4.txt,230,3.6464649999998073
dang,gr229_gen2_m3.txt,230,3.97721754999975
dang,gr229_gen2_m4.txt,230,3.577942150000581
dang,gr229_gen3_m3.txt,230,3.9128344499995364
dang,gr229_gen3_m4.txt,230,3.5903220499999406
dang,kroA150_gen2_m2.txt,151,0.7289879499999188
dang,kroA150_gen3_m3.txt,151,0.5465077499998188
dang,kroA200_gen1_m4.txt,201,1.1129645500000152
dang,kroB200_gen1_m2.txt,201,1.5100188999995225
dang,kroB200_gen2_m2.txt,201,1.5644065999999839
dang,kroB200_gen2_m4.txt,201,1.2010198500001934
dang,kroB200_gen3_m2.txt,201,1.8773481000002903
dang,kroB200_gen3_m3.txt,201,1.7719498999999814
dang,lin318_gen1_m2.txt,319,6.414529550000225
dang,lin318_gen1_m3.txt,319,5.083833650000088
dang,lin318_gen2_m2.txt,319,6.472976750000271
dang,lin318_gen2_m3.txt,319,5.302940199999284
dang,lin318_gen3_m2.txt,319,6.91510819999985
dang,lin318_gen3_m4.txt,319,4.337969599999269
dang,pr136_gen1_m2.txt,137,0.47342815000047267
dang,pr136_gen2_m2.txt,137,0.4933807000006709
dang,pr264_gen1_m4.txt,265,2.5539460999998482
dang,pr264_gen2_m2.txt,265,3.364628850000372
dang,pr264_gen2_m3.txt,265,3.082645400000729
dang,pr264_gen2_m4.txt,265,2.8738086499997735
dang,pr264_gen3_m3.txt,265,3.563028100000338
dang,pr299_gen1_m2.txt,300,3.8791456999997536
dang,pr299_gen1_m3.txt,300,3.042479450000428
dang,pr299_gen1_m4.txt,300,2.2793865499988897
dang,pr299_gen2_m3.txt,300,3.02073990000099
dang,pr299_gen2_m4.txt,300,2.266356750000341
dang,pr299_gen3_m2.txt,300,4.8898289000007935
dang,pr299_gen3_m3.txt,300,3.4748850000005405
dang,pr299_gen3_m4.txt,300,2.518992100000105
dang,rat195_gen2_m2.txt,196,1.1710535000001983
dang,rat195_gen3_m3.txt,196,1.2635740499999883
dang,rd400_gen1_m2.txt,401,14.020843150000474
dang,rd400_gen1_m3.txt,401,13.657492700000148
dang,rd400_gen1_m4.txt,401,11.871151850000388
dang,rd400_gen2_m2.txt,401,12.85204474999955
dang,rd400_gen2_m3.txt,401,12.855573849999928
dang,rd400_gen2_m4.txt,401,11.446632000000136
dang,rd400_gen3_m2.txt,401,14.789015300000756
dang,rd400_gen3_m3.txt,401,15.183910499999001
dang,rd400_gen3_m4.txt,401,13.523956900000485
dang,ts225_gen2_m2.txt,226,2.068473399999675
vansteenwegen,bier127_gen1_m2.txt,128,1.1607844499994826
vansteenwegen,bier127_gen1_m3.txt,128,1.1123186499999065
vansteenwegen,bier127_gen2_m2.txt,128,0.9840198499996404
vansteenwegen,bier127_gen2_m3.txt,128,0.8960510000006252
vansteenwegen,bier127_gen2_m4.txt,128,0.8208068499998262
vansteenwegen,bier127_gen3_m2.txt,128,0.8600174999992305
vansteenwegen,bier127_gen3_m3.txt,128,0.8174252500002694
vansteenwegen,bier127_gen3_m4.txt,128,0.8611164500007362
vansteenwegen,cmt101c_m3.txt,102,0.3805579999998372
vansteenwegen,cmt151b_m3.txt,152,0.9002164999992601
vansteenwegen,cmt151c_m2.txt,152,1.315593200000876
vansteenwegen,cmt151c_m3.txt,152,1.3138148999996702
vansteenwegen,cmt151c_m4.txt,152,1.2670072499995513
vansteenwegen,cmt200b_m2.txt,201,1.9877082500006509
vansteenwegen,cmt200b_m3.txt,201,2.0575043499993626
vansteenwegen,cmt200b_m4.txt,201,1.8301111499995386
vansteenwegen,cmt200c_m2.txt,201,2.9076532999997653
vansteenwegen,cmt200c_m3.txt,201,2.657185899999604
vansteenwegen,cmt200c_m4.txt,201,2.5775928499997462
vansteenwegen,eil101b_m3.txt,102,0.30193710000003193
vansteenwegen,eil101c_m2.txt,102,0.4414077499995983
vansteenwegen,eil101c_m3.txt,102,0.4115012000002025
vansteenwegen,gil262_gen1_m3.txt,263,2.260373449999861
vansteenwegen,gil262_gen1_m4.txt,263,1.9734998000003543
vansteenwegen,gil262_gen2_m2.txt,263,3.520502000000306
vansteenwegen,gil262_gen2_m3.txt,263,3.349637050000638
vansteenwegen,gil262_gen3_m2.txt,263,5.849553949999972
vansteenwegen,gil262_gen3_m4.txt,263,2.19751554999948
vansteenwegen,gil262a_m2.txt,251,1.8752705500000957
vansteenwegen,gil262a_m4.txt,251,1.2260013499999332
vansteenwegen,gil262b_m2.txt,251,3.692769200000839
vansteenwegen,gil262b_m3.txt,251,3.421614799998679
vansteenwegen,gil262b_m4.txt,251,3.1290671000006114
vansteenwegen,gil262c_m2.txt,251,5.334744800000408
vansteenwegen,gil262c_m3.txt,251,4.906473549999646
vansteenwegen,gil262c_m4.txt,251,4.703264849999869
vansteenwegen,gr229_gen1_m4.txt,230,4.074863149999146
vansteenwegen,gr229_gen2_m3.txt,230,4.2257517500001995
vansteenwegen,gr229_gen2_m4.txt,230,4.157291800001076
vansteenwegen,gr229_gen3_m3.txt,230,4.207630100000642
vansteenwegen,gr229_gen3_m4.txt,230,3.9571595999996134
vansteenwegen,kroA150_gen2_m2.txt,151,0.89307645000099
vansteenwegen,kroA150_gen3_m3.txt,151,0.6444854999999734
vansteenwegen,kroA200_gen1_m4.txt,201,1.6508899499995096
vansteenwegen,kroB200_gen1_m2.txt,201,1.7858077500004583
vansteenwegen,kroB200_gen2_m2.txt,201,1.808869649999906
vansteenwegen,kroB200_gen2_m4.txt,201,1.351736150000761
vansteenwegen,kroB200_gen3_m2.txt,201,1.8276166499999817
vansteenwegen,kroB200_gen3_m3.txt,201,1.696057899999687
vansteenwegen,pr136_gen1_m2.txt,137,0.5056769000002532
vansteenwegen,pr136_gen2_m2.txt,137,0.5771879000003537
vansteenwegen,pr264_gen1_m4.txt,265,2.9886937000001126
vansteenwegen,pr264_gen2_m2.txt,265,3.823771850000412
vansteenwegen,pr264_gen2_m3.txt,265,3.5377265000006446
vansteenwegen,pr264_gen2_m4.txt,265,3.004053250000652
vansteenwegen,pr264_gen3_m3.txt,265,4.136467399999674
vansteenwegen,pr299_gen1_m2.txt,300,5.0309935999994195
vansteenwegen,pr299_gen1_m3.txt,300,3.5337123000008432
vansteenwegen,pr299_gen1_m4.txt,300,2.993217499999446
vansteenwegen,pr299_gen2_m3.txt,300,3.65210339999976
vansteenwegen,pr299_gen2_m4.txt,300,2.8433184499999697
vansteenwegen,pr299_gen3_m2.txt,300,5.40877564999937
vansteenwegen,pr299_gen3_m3.txt,300,3.9788518499999554
vansteenwegen,pr299_gen3_m4.txt,300,2.8120654000003924
vansteenwegen,rat195_gen2_m2.txt,196,1.5187696999992113
vansteenwegen,rat195_gen3_m3.txt,196,1.3821348999999827
vansteenwegen,ts225_gen2_m2.txt,226,2.2316790000004403
