dataset,instance,run_index,run_seed,num_nodes,team_size,max_route_distance,total_score,reference_best_score,gap_to_reference_best_percent,success_reference_hit,cpu_time_seconds,iterations,iterations_to_convergence,last_improvement_iteration,stagnation_iterations,accepted_worse_moves,restarts_performed,num_lp_solves,num_labels_generated,status
chao,p4.2.a.txt,0,7,100,2,25.0,194.0,194.0,0.0,1,0.05337630000030913,20,3,3,17,0,1,N/A (ILS),N/A (ILS),ok
chao,p4.2.a.txt,1,8,100,2,25.0,194.0,194.0,0.0,1,0.05165469999974448,20,0,0,20,0,1,N/A (ILS),N/A (ILS),ok
chao,p4.2.b.txt,0,1007,100,2,30.0,321.0,321.0,0.0,1,0.06881280000015977,20,20,20,0,0,1,N/A (ILS),N/A (ILS),ok
chao,p4.2.b.txt,1,1008,100,2,30.0,321.0,321.0,0.0,1,0.07754170000043814,20,6,6,14,0,1,N/A (ILS),N/A (ILS),ok
chao,p4.2.c.txt,0,2007,100,2,35.0,390.0,432.0,9.722222222222223,0,0.10523180000018328,20,9,9,11,0,1,N/A (ILS),N/A (ILS),ok
chao,p4.2.c.txt,1,2008,100,2,35.0,432.0,432.0,0.0,1,0.11360309999963647,20,10,10,10,0,1,N/A (ILS),N/A (ILS),ok
chao,p4.2.d.txt,0,3007,100,2,40.0,494.0,518.0,4.633204633204633,0,0.13667440000062925,20,13,13,7,3,1,N/A (ILS),N/A (ILS),ok
chao,p4.2.d.txt,1,3008,100,2,40.0,518.0,518.0,0.0,1,0.16008730000066862,20,20,20,0,1,1,N/A (ILS),N/A (ILS),ok
chao,p4.2.e.txt,0,4007,100,2,45.0,606.0,606.0,0.0,1,0.16615169999931823,20,11,11,9,0,1,N/A (ILS),N/A (ILS),ok
chao,p4.2.e.txt,1,4008,100,2,45.0,596.0,606.0,1.65016501650165,0,0.17753689999972266,20,5,5,15,4,1,N/A (ILS),N/A (ILS),ok
chao,p4.2.f.txt,0,5007,100,2,50.0,654.0,654.0,0.0,1,0.19186760000047798,20,17,17,3,1,1,N/A (ILS),N/A (ILS),ok
chao,p4.2.f.txt,1,5008,100,2,50.0,649.0,654.0,0.764525993883792,0,0.18688819999988482,20,19,19,1,0,1,N/A (ILS),N/A (ILS),ok
chao,p4.2.g.txt,0,6007,100,2,55.0,716.0,721.0,0.6934812760055479,0,0.22033639999972365,20,16,16,4,0,1,N/A (ILS),N/A (ILS),ok
chao,p4.2.g.txt,1,6008,100,2,55.0,721.0,721.0,0.0,1,0.22215510000023642,20,7,7,13,2,1,N/A (ILS),N/A (ILS),ok
chao,p4.2.h.txt,0,7007,100,2,60.0,771.0,771.0,0.0,1,0.22995329999957903,20,8,8,12,1,1,N/A (ILS),N/A (ILS),ok
chao,p4.2.h.txt,1,7008,100,2,60.0,758.0,771.0,1.6861219195849546,0,0.25130600000011327,20,14,14,6,2,1,N/A (ILS),N/A (ILS),ok
chao,p4.2.i.txt,0,8007,100,2,65.0,800.0,840.0,4.761904761904762,0,0.26608799999939947,20,15,15,5,0,1,N/A (ILS),N/A (ILS),ok
chao,p4.2.i.txt,1,8008,100,2,65.0,840.0,840.0,0.0,1,0.28609639999922365,20,4,4,16,0,1,N/A (ILS),N/A (ILS),ok
chao,p4.2.j.txt,0,9007,100,2,70.0,896.0,896.0,0.0,1,0.27809140000044863,20,6,6,14,1,1,N/A (ILS),N/A (ILS),ok
chao,p4.2.j.txt,1,9008,100,2,70.0,882.0,896.0,1.5625,0,0.2751898999995319,20,15,15,5,0,1,N/A (ILS),N/A (ILS),ok
chao,p4.2.k.txt,0,10007,100,2,75.0,951.0,951.0,0.0,1,0.3039300999998886,20,7,7,13,1,1,N/A (ILS),N/A (ILS),ok
chao,p4.2.k.txt,1,10008,100,2,75.0,925.0,951.0,2.7339642481598316,0,0.33335640000041167,20,4,4,16,3,1,N/A (ILS),N/A (ILS),ok
chao,p4.2.l.txt,0,11007,100,2,80.0,1009.0,1009.0,0.0,1,0.30163100000027043,20,4,4,16,1,1,N/A (ILS),N/A (ILS),ok
chao,p4.2.l.txt,1,11008,100,2,80.0,996.0,1009.0,1.288404360753221,0,0.3040660000006028,20,20,20,0,3,1,N/A (ILS),N/A (ILS),ok
chao,p4.2.m.txt,0,12007,100,2,85.0,1073.0,1083.0,0.9233610341643583,0,0.34085699999923236,20,18,18,2,0,1,N/A (ILS),N/A (ILS),ok
chao,p4.2.m.txt,1,12008,100,2,85.0,1083.0,1083.0,0.0,1,0.3465956999998525,20,17,17,3,0,1,N/A (ILS),N/A (ILS),ok
chao,p4.2.n.txt,0,13007,100,2,90.0,1066.0,1103.0,3.3544877606527654,0,0.36265149999962887,20,18,18,2,1,1,N/A (ILS),N/A (ILS),ok
chao,p4.2.n.txt,1,13008,100,2,90.0,1103.0,1103.0,0.0,1,0.40471100000013394,20,18,18,2,0,1,N/A (ILS),N/A (ILS),ok
chao,p4.2.o.txt,0,14007,100,2,95.0,1135.0,1149.0,1.2184508268059182,0,0.6018986999997651,20,12,12,8,0,1,N/A (ILS),N/A (ILS),ok
chao,p4.2.o.txt,1,14008,100,2,95.0,1149.0,1149.0,0.0,1,0.47724079999989044,20,19,19,1,4,1,N/A (ILS),N/A (ILS),ok
chao,p4.2.p.txt,0,15007,100,2,100.0,1170.0,1178.0,0.6791171477079796,0,0.5158362000001944,20,14,14,6,2,1,N/A (ILS),N/A (ILS),ok
chao,p4.2.p.txt,1,15008,100,2,100.0,1178.0,1178.0,0.0,1,0.3828991999998834,20,19,19,1,1,1,N/A (ILS),N/A (ILS),ok
chao,p4.2.q.txt,0,16007,100,2,105.0,1206.0,1206.0,0.0,1,0.3568042000006244,20,17,17,3,0,1,N/A (ILS),N/A (ILS),ok
chao,p4.2.q.txt,1,16008,100,2,105.0,1192.0,1206.0,1.1608623548922055,0,0.35424239999974816,20,8,8,12,1,1,N/A (ILS),N/A (ILS),ok
chao,p4.2.r.txt,0,17007,100,2,110.0,1195.0,1205.0,0.8298755186721992,0,0.3697946000002048,20,16,16,4,1,1,N/A (ILS),N/A (ILS),ok
chao,p4.2.r.txt,1,17008,100,2,110.0,1205.0,1205.0,0.0,1,0.3730710999998337,20,20,20,0,0,1,N/A (ILS),N/A (ILS),ok
chao,p4.2.s.txt,0,18007,100,2,115.0,1276.0,1276.0,0.0,1,0.379925700000058,20,11,11,9,1,1,N/A (ILS),N/A (ILS),ok
chao,p4.2.s.txt,1,18008,100,2,115.0,1248.0,1276.0,2.19435736677116,0,0.375439099999312,20,7,7,13,1,1,N/A (ILS),N/A (ILS),ok
chao,p4.2.t.txt,0,19007,100,2,120.0,1284.0,1295.0,0.8494208494208495,0,0.3708398999997371,20,11,11,9,1,1,N/A (ILS),N/A (ILS),ok
chao,p4.2.t.txt,1,19008,100,2,120.0,1295.0,1295.0,0.0,1,0.39403330000004644,20,13,13,7,1,1,N/A (ILS),N/A (ILS),ok
chao,p4.3.a.txt,0,20007,100,3,16.7,0,0.0,0.0,1,0.007419000000481901,20,0,0,20,2,1,N/A (ILS),N/A (ILS),ok
chao,p4.3.a.txt,1,20008,100,3,16.7,0,0.0,0.0,1,0.009025599999404221,20,0,0,20,3,1,N/A (ILS),N/A (ILS),ok
chao,p4.3.b.txt,0,21007,100,3,20.0,38.0,38.0,0.0,1,0.024027100000239443,20,0,0,20,2,1,N/A (ILS),N/A (ILS),ok
chao,p4.3.b.txt,1,21008,100,3,20.0,38.0,38.0,0.0,1,0.030655900000056135,20,0,0,20,2,1,N/A (ILS),N/A (ILS),ok
chao,p4.3.c.txt,0,22007,100,3,23.3,193.0,193.0,0.0,1,0.08846880000055535,20,20,20,0,1,1,N/A (ILS),N/A (ILS),ok
chao,p4.3.c.txt,1,22008,100,3,23.3,187.0,193.0,3.1088082901554404,0,0.06735599999956321,20,7,7,13,1,1,N/A (ILS),N/A (ILS),ok
chao,p4.3.d.txt,0,23007,100,3,26.7,335.0,335.0,0.0,1,0.12219890000051237,20,19,19,1,2,1,N/A (ILS),N/A (ILS),ok
chao,p4.3.d.txt,1,23008,100,3,26.7,322.0,335.0,3.880597014925373,0,0.1208598000002894,20,15,15,5,1,1,N/A (ILS),N/A (ILS),ok
chao,p4.3.e.txt,0,24007,100,3,30.0,460.0,460.0,0.0,1,0.1474288000008528,20,2,2,18,3,1,N/A (ILS),N/A (ILS),ok
chao,p4.3.e.txt,1,24008,100,3,30.0,460.0,460.0,0.0,1,0.15723370000068826,20,12,12,8,1,1,N/A (ILS),N/A (ILS),ok
chao,p4.3.f.txt,0,25007,100,3,33.3,515.0,559.0,7.8711985688729875,0,0.17016609999973298,20,20,20,0,0,1,N/A (ILS),N/A (ILS),ok
chao,p4.3.f.txt,1,25008,100,3,33.3,559.0,559.0,0.0,1,0.19123429999945074,20,19,19,1,1,1,N/A (ILS),N/A (ILS),ok
chao,p4.3.g.txt,0,26007,100,3,36.7,582.0,622.0,6.430868167202572,0,0.20243409999966389,20,9,9,11,3,1,N/A (ILS),N/A (ILS),ok
chao,p4.3.g.txt,1,26008,100,3,36.7,622.0,622.0,0.0,1,0.22983899999962887,20,18,18,2,1,1,N/A (ILS),N/A (ILS),ok
chao,p4.3.h.txt,0,27007,100,3,40.0,653.0,673.0,2.9717682020802374,0,0.2476448999996137,20,13,13,7,3,1,N/A (ILS),N/A (ILS),ok
chao,p4.3.h.txt,1,27008,100,3,40.0,673.0,673.0,0.0,1,0.2868617999993148,20,19,19,1,1,1,N/A (ILS),N/A (ILS),ok
chao,p4.3.i.txt,0,28007,100,3,43.3,774.0,774.0,0.0,1,0.397998400000688,20,8,8,12,1,1,N/A (ILS),N/A (ILS),ok
chao,p4.3.i.txt,1,28008,100,3,43.3,765.0,774.0,1.1627906976744187,0,0.32490689999940514,20,6,6,14,1,1,N/A (ILS),N/A (ILS),ok
chao,p4.3.j.txt,0,29007,100,3,46.7,833.0,833.0,0.0,1,0.31822879999981524,20,4,4,16,0,1,N/A (ILS),N/A (ILS),ok
chao,p4.3.j.txt,1,29008,100,3,46.7,806.0,833.0,3.241296518607443,0,0.2718138000000181,20,7,7,13,2,1,N/A (ILS),N/A (ILS),ok
chao,p4.3.k.txt,0,30007,100,3,50.0,878.0,878.0,0.0,1,0.4282656000004863,20,13,13,7,1,1,N/A (ILS),N/A (ILS),ok
chao,p4.3.k.txt,1,30008,100,3,50.0,833.0,878.0,5.125284738041002,0,0.3197937999993883,20,2,2,18,1,1,N/A (ILS),N/A (ILS),ok
chao,p4.3.l.txt,0,31007,100,3,53.3,916.0,916.0,0.0,1,0.3660514000002877,20,16,16,4,1,1,N/A (ILS),N/A (ILS),ok
chao,p4.3.l.txt,1,31008,100,3,53.3,868.0,916.0,5.240174672489083,0,0.39936649999981455,20,16,16,4,3,1,N/A (ILS),N/A (ILS),ok
chao,p4.3.m.txt,0,32007,100,3,56.7,962.0,962.0,0.0,1,0.37952899999982037,20,11,11,9,1,1,N/A (ILS),N/A (ILS),ok
chao,p4.3.m.txt,1,32008,100,3,56.7,921.0,962.0,4.261954261954262,0,0.3423945000004096,20,17,17,3,1,1,N/A (ILS),N/A (ILS),ok
chao,p4.3.n.txt,0,33007,100,3,60.0,1023.0,1056.0,3.125,0,0.35467310000058205,20,18,18,2,1,1,N/A (ILS),N/A (ILS),ok
chao,p4.3.n.txt,1,33008,100,3,60.0,1056.0,1056.0,0.0,1,0.3495857000007163,20,14,14,6,1,1,N/A (ILS),N/A (ILS),ok
chao,p4.3.o.txt,0,34007,100,3,63.3,1063.0,1076.0,1.20817843866171,0,0.3640333000003011,20,18,18,2,2,1,N/A (ILS),N/A (ILS),ok
chao,p4.3.o.txt,1,34008,100,3,63.3,1076.0,1076.0,0.0,1,0.3633953999997175,20,17,17,3,1,1,N/A (ILS),N/A (ILS),ok
chao,p4.3.p.txt,0,35007,100,3,66.7,1155.0,1155.0,0.0,1,0.38036250000004657,20,20,20,0,0,1,N/A (ILS),N/A (ILS),ok
chao,p4.3.p.txt,1,35008,100,3,66.7,1124.0,1155.0,2.683982683982684,0,0.36429750000024796,20,20,20,0,1,1,N/A (ILS),N/A (ILS),ok
chao,p4.3.q.txt,0,36007,100,3,70.0,1159.0,1169.0,0.8554319931565441,0,0.4114779000001363,20,19,19,1,0,1,N/A (ILS),N/A (ILS),ok
chao,p4.3.q.txt,1,36008,100,3,70.0,1169.0,1169.0,0.0,1,0.4174388999999792,20,18,18,2,1,1,N/A (ILS),N/A (ILS),ok
chao,p4.3.r.txt,0,37007,100,3,73.3,1155.0,1175.0,1.702127659574468,0,0.39727440000024217,20,14,14,6,0,1,N/A (ILS),N/A (ILS),ok
chao,p4.3.r.txt,1,37008,100,3,73.3,1175.0,1175.0,0.0,1,0.37602139999944484,20,10,10,10,3,1,N/A (ILS),N/A (ILS),ok
chao,p4.3.s.txt,0,38007,100,3,76.7,1218.0,1239.0,1.694915254237288,0,0.3701231999993979,20,14,14,6,0,1,N/A (ILS),N/A (ILS),ok
chao,p4.3.s.txt,1,38008,100,3,76.7,1239.0,1239.0,0.0,1,0.35785540000051697,20,14,14,6,1,1,N/A (ILS),N/A (ILS),ok
chao,p4.3.t.txt,0,39007,100,3,80.0,1251.0,1271.0,1.5735641227380015,0,0.36143449999963195,20,16,16,4,2,1,N/A (ILS),N/A (ILS),ok
chao,p4.3.t.txt,1,39008,100,3,80.0,1271.0,1271.0,0.0,1,0.3816246999995201,20,17,17,3,0,1,N/A (ILS),N/A (ILS),ok
chao,p4.4.a.txt,0,40007,100,4,12.5,0,0.0,0.0,1,0.009409400000549795,20,0,0,20,3,1,N/A (ILS),N/A (ILS),ok
chao,p4.4.a.txt,1,40008,100,4,12.5,0,0.0,0.0,1,0.009396599999490718,20,0,0,20,2,1,N/A (ILS),N/A (ILS),ok
chao,p4.4.b.txt,0,41007,100,4,15.0,0,0.0,0.0,1,0.012945000000399887,20,0,0,20,2,1,N/A (ILS),N/A (ILS),ok
chao,p4.4.b.txt,1,41008,100,4,15.0,0,0.0,0.0,1,0.009217299999363604,20,0,0,20,0,1,N/A (ILS),N/A (ILS),ok
chao,p4.4.c.txt,0,42007,100,4,17.5,0,0.0,0.0,1,0.009050500000739703,20,0,0,20,1,1,N/A (ILS),N/A (ILS),ok
chao,p4.4.c.txt,1,42008,100,4,17.5,0,0.0,0.0,1,0.009210700000039651,20,0,0,20,1,1,N/A (ILS),N/A (ILS),ok
chao,p4.4.d.txt,0,43007,100,4,20.0,38.0,38.0,0.0,1,0.02789160000065749,20,0,0,20,1,1,N/A (ILS),N/A (ILS),ok
chao,p4.4.d.txt,1,43008,100,4,20.0,38.0,38.0,0.0,1,0.028662200000326266,20,0,0,20,3,1,N/A (ILS),N/A (ILS),ok
chao,p4.4.e.txt,0,44007,100,4,22.5,182.0,182.0,0.0,1,0.07526320000033593,20,1,1,19,1,1,N/A (ILS),N/A (ILS),ok
chao,p4.4.e.txt,1,44008,100,4,22.5,182.0,182.0,0.0,1,0.08134640000025684,20,20,20,0,4,1,N/A (ILS),N/A (ILS),ok
chao,p4.4.f.txt,0,45007,100,4,25.0,309.0,315.0,1.9047619047619049,0,0.12440179999975953,20,15,15,5,1,1,N/A (ILS),N/A (ILS),ok
chao,p4.4.f.txt,1,45008,100,4,25.0,315.0,315.0,0.0,1,0.12549420000050304,20,14,14,6,4,1,N/A (ILS),N/A (ILS),ok
chao,p4.4.g.txt,0,46007,100,4,27.5,444.0,444.0,0.0,1,0.18795260000024427,20,13,13,7,1,1,N/A (ILS),N/A (ILS),ok
chao,p4.4.g.txt,1,46008,100,4,27.5,433.0,444.0,2.4774774774774775,0,0.1637495000004492,20,17,17,3,2,1,N/A (ILS),N/A (ILS),ok
chao,p4.4.h.txt,0,47007,100,4,30.0,516.0,522.0,1.1494252873563218,0,0.21553159999984928,20,4,4,16,3,1,N/A (ILS),N/A (ILS),ok
chao,p4.4.h.txt,1,47008,100,4,30.0,522.0,522.0,0.0,1,0.2986478000002535,20,3,3,17,1,1,N/A (ILS),N/A (ILS),ok
chao,p4.4.i.txt,0,48007,100,4,32.5,636.0,636.0,0.0,1,0.2753147000003082,20,16,16,4,1,1,N/A (ILS),N/A (ILS),ok
chao,p4.4.i.txt,1,48008,100,4,32.5,625.0,636.0,1.729559748427673,0,0.2465861999999106,20,9,9,11,0,1,N/A (ILS),N/A (ILS),ok
chao,p4.4.j.txt,0,49007,100,4,35.0,702.0,702.0,0.0,1,0.25279329999921174,20,12,12,8,2,1,N/A (ILS),N/A (ILS),ok
chao,p4.4.j.txt,1,49008,100,4,35.0,669.0,702.0,4.700854700854701,0,0.27111019999938435,20,18,18,2,1,1,N/A (ILS),N/A (ILS),ok
chao,p4.4.k.txt,0,50007,100,4,37.5,748.0,748.0,0.0,1,0.3063148999999612,20,18,18,2,0,1,N/A (ILS),N/A (ILS),ok
chao,p4.4.k.txt,1,50008,100,4,37.5,741.0,748.0,0.9358288770053476,0,0.291301499999463,20,19,19,1,1,1,N/A (ILS),N/A (ILS),ok
chao,p4.4.l.txt,0,51007,100,4,40.0,836.0,836.0,0.0,1,0.33312279999972816,20,5,5,15,0,1,N/A (ILS),N/A (ILS),ok
chao,p4.4.l.txt,1,51008,100,4,40.0,756.0,836.0,9.569377990430622,0,0.30999900000006164,20,8,8,12,0,1,N/A (ILS),N/A (ILS),ok
chao,p4.4.m.txt,0,52007,100,4,42.5,846.0,896.0,5.580357142857143,0,0.3339016999998421,20,16,16,4,2,1,N/A (ILS),N/A (ILS),ok
chao,p4.4.m.txt,1,52008,100,4,42.5,896.0,896.0,0.0,1,0.33960059999935766,20,20,20,0,2,1,N/A (ILS),N/A (ILS),ok
chao,p4.4.n.txt,0,53007,100,4,45.0,900.0,928.0,3.0172413793103448,0,0.3636122999996587,20,15,15,5,2,1,N/A (ILS),N/A (ILS),ok
chao,p4.4.n.txt,1,53008,100,4,45.0,928.0,928.0,0.0,1,0.3572101999998267,20,18,18,2,0,1,N/A (ILS),N/A (ILS),ok
chao,p4.4.o.txt,0,54007,100,4,47.5,972.0,972.0,0.0,1,0.3577248999999938,20,20,20,0,1,1,N/A (ILS),N/A (ILS),ok
chao,p4.4.o.txt,1,54008,100,4,47.5,972.0,972.0,0.0,1,0.3618239999996149,20,2,2,18,1,1,N/A (ILS),N/A (ILS),ok
chao,p4.4.p.txt,0,55007,100,4,50.0,936.0,1009.0,7.234886025768088,0,0.3600860000005923,20,17,17,3,0,1,N/A (ILS),N/A (ILS),ok
chao,p4.4.p.txt,1,55008,100,4,50.0,1009.0,1009.0,0.0,1,0.389362699999765,20,7,7,13,1,1,N/A (ILS),N/A (ILS),ok
chao,p4.4.q.txt,0,56007,100,4,52.5,1011.0,1051.0,3.8058991436726926,0,0.371054300000651,20,18,18,2,1,1,N/A (ILS),N/A (ILS),ok
chao,p4.4.q.txt,1,56008,100,4,52.5,1051.0,1051.0,0.0,1,0.3634728000006362,20,15,15,5,1,1,N/A (ILS),N/A (ILS),ok
chao,p4.4.r.txt,0,57007,100,4,55.0,1126.0,1126.0,0.0,1,0.37755680000009306,20,17,17,3,1,1,N/A (ILS),N/A (ILS),ok
chao,p4.4.r.txt,1,57008,100,4,55.0,1123.0,1126.0,0.2664298401420959,0,0.3732245999999577,20,19,19,1,1,1,N/A (ILS),N/A (ILS),ok
chao,p4.4.s.txt,0,58007,100,4,57.5,1091.0,1180.0,7.5423728813559325,0,0.41311880000012025,20,5,5,15,0,1,N/A (ILS),N/A (ILS),ok
chao,p4.4.s.txt,1,58008,100,4,57.5,1180.0,1180.0,0.0,1,0.3906298000001698,20,13,13,7,1,1,N/A (ILS),N/A (ILS),ok
chao,p4.4.t.txt,0,59007,100,4,60.0,1256.0,1256.0,0.0,1,0.35990379999930155,20,20,20,0,2,1,N/A (ILS),N/A (ILS),ok
chao,p4.4.t.txt,1,59008,100,4,60.0,1208.0,1256.0,3.821656050955414,0,0.46837460000006104,20,16,16,4,0,1,N/A (ILS),N/A (ILS),ok
chao,p5.2.a.txt,0,60007,66,2,2.5,0,0.0,0.0,1,0.0039024999996399856,20,0,0,20,0,1,N/A (ILS),N/A (ILS),ok
chao,p5.2.a.txt,1,60008,66,2,2.5,0,0.0,0.0,1,0.004078899999512942,20,0,0,20,2,1,N/A (ILS),N/A (ILS),ok
chao,p5.2.b.txt,0,61007,66,2,5.0,20.0,20.0,0.0,1,0.015971400000125868,20,0,0,20,2,1,N/A (ILS),N/A (ILS),ok
chao,p5.2.b.txt,1,61008,66,2,5.0,20.0,20.0,0.0,1,0.01550279999992199,20,0,0,20,1,1,N/A (ILS),N/A (ILS),ok
chao,p5.2.c.txt,0,62007,66,2,7.5,50.0,50.0,0.0,1,0.02019800000016403,20,9,9,11,2,1,N/A (ILS),N/A (ILS),ok
chao,p5.2.c.txt,1,62008,66,2,7.5,50.0,50.0,0.0,1,0.01706969999941066,20,9,9,11,0,1,N/A (ILS),N/A (ILS),ok
chao,p5.2.d.txt,0,63007,66,2,10.0,80.0,80.0,0.0,1,0.025423300000511517,20,1,1,19,3,1,N/A (ILS),N/A (ILS),ok
chao,p5.2.d.txt,1,63008,66,2,10.0,80.0,80.0,0.0,1,0.02363800000057381,20,1,1,19,0,1,N/A (ILS),N/A (ILS),ok
chao,p5.2.e.txt,0,64007,66,2,12.5,175.0,180.0,2.7777777777777777,0,0.029747600000519014,20,9,9,11,3,1,N/A (ILS),N/A (ILS),ok
chao,p5.2.e.txt,1,64008,66,2,12.5,180.0,180.0,0.0,1,0.03399079999962851,20,0,0,20,1,1,N/A (ILS),N/A (ILS),ok
chao,p5.2.f.txt,0,65007,66,2,15.0,240.0,240.0,0.0,1,0.031324100000347244,20,8,8,12,2,1,N/A (ILS),N/A (ILS),ok
chao,p5.2.f.txt,1,65008,66,2,15.0,215.0,240.0,10.416666666666668,0,0.03580890000012005,20,0,0,20,2,1,N/A (ILS),N/A (ILS),ok
chao,p5.2.g.txt,0,66007,66,2,17.5,320.0,320.0,0.0,1,0.046730800000659656,20,1,1,19,1,1,N/A (ILS),N/A (ILS),ok
chao,p5.2.g.txt,1,66008,66,2,17.5,320.0,320.0,0.0,1,0.04384519999985059,20,2,2,18,1,1,N/A (ILS),N/A (ILS),ok
chao,p5.2.h.txt,0,67007,66,2,20.0,385.0,390.0,1.282051282051282,0,0.0495215000000826,20,3,3,17,1,1,N/A (ILS),N/A (ILS),ok
chao,p5.2.h.txt,1,67008,66,2,20.0,390.0,390.0,0.0,1,0.04978250000021944,20,1,1,19,3,1,N/A (ILS),N/A (ILS),ok
chao,p5.2.i.txt,0,68007,66,2,22.5,455.0,460.0,1.0869565217391304,0,0.05541819999962172,20,8,8,12,2,1,N/A (ILS),N/A (ILS),ok
chao,p5.2.i.txt,1,68008,66,2,22.5,460.0,460.0,0.0,1,0.05302109999956883,20,5,5,15,0,1,N/A (ILS),N/A (ILS),ok
chao,p5.2.j.txt,0,69007,66,2,25.0,555.0,555.0,0.0,1,0.060031200000594254,20,10,10,10,2,1,N/A (ILS),N/A (ILS),ok
chao,p5.2.j.txt,1,69008,66,2,25.0,555.0,555.0,0.0,1,0.06186179999986052,20,5,5,15,2,1,N/A (ILS),N/A (ILS),ok
chao,p5.2.k.txt,0,70007,66,2,27.5,660.0,660.0,0.0,1,0.06676289999995788,20,18,18,2,0,1,N/A (ILS),N/A (ILS),ok
chao,p5.2.k.txt,1,70008,66,2,27.5,640.0,660.0,3.0303030303030303,0,0.07036200000038662,20,1,1,19,1,1,N/A (ILS),N/A (ILS),ok
chao,p5.2.l.txt,0,71007,66,2,30.0,750.0,770.0,2.5974025974025974,0,0.0754559999995763,20,15,15,5,0,1,N/A (ILS),N/A (ILS),ok
chao,p5.2.l.txt,1,71008,66,2,30.0,770.0,770.0,0.0,1,0.08390740000049846,20,9,9,11,1,1,N/A (ILS),N/A (ILS),ok
chao,p5.2.m.txt,0,72007,66,2,32.5,800.0,835.0,4.191616766467066,0,0.09080369999992399,20,4,4,16,5,1,N/A (ILS),N/A (ILS),ok
chao,p5.2.m.txt,1,72008,66,2,32.5,835.0,835.0,0.0,1,0.1022437000001446,20,7,7,13,3,1,N/A (ILS),N/A (ILS),ok
chao,p5.2.n.txt,0,73007,66,2,35.0,900.0,900.0,0.0,1,0.09974790000069333,20,12,12,8,1,1,N/A (ILS),N/A (ILS),ok
chao,p5.2.n.txt,1,73008,66,2,35.0,865.0,900.0,3.888888888888889,0,0.09106599999995524,20,9,9,11,1,1,N/A (ILS),N/A (ILS),ok
chao,p5.2.o.txt,0,74007,66,2,37.5,940.0,995.0,5.527638190954774,0,0.10389949999989767,20,12,12,8,0,1,N/A (ILS),N/A (ILS),ok
chao,p5.2.o.txt,1,74008,66,2,37.5,995.0,995.0,0.0,1,0.10607179999988148,20,17,17,3,1,1,N/A (ILS),N/A (ILS),ok
chao,p5.2.p.txt,0,75007,66,2,40.0,1150.0,1150.0,0.0,1,0.12480819999927917,20,15,15,5,0,1,N/A (ILS),N/A (ILS),ok
chao,p5.2.p.txt,1,75008,66,2,40.0,1060.0,1150.0,7.82608695652174,0,0.11250990000007732,20,5,5,15,1,1,N/A (ILS),N/A (ILS),ok
chao,p5.2.q.txt,0,76007,66,2,42.5,1140.0,1140.0,0.0,1,0.09801950000019133,20,2,2,18,0,1,N/A (ILS),N/A (ILS),ok
chao,p5.2.q.txt,1,76008,66,2,42.5,1125.0,1140.0,1.3157894736842104,0,0.10781240000051184,20,15,15,5,2,1,N/A (ILS),N/A (ILS),ok
chao,p5.2.r.txt,0,77007,66,2,45.0,1250.0,1250.0,0.0,1,0.10483380000005127,20,9,9,11,2,1,N/A (ILS),N/A (ILS),ok
chao,p5.2.r.txt,1,77008,66,2,45.0,1245.0,1250.0,0.4,0,0.10991349999949307,20,18,18,2,3,1,N/A (ILS),N/A (ILS),ok
chao,p5.2.s.txt,0,78007,66,2,47.5,1295.0,1310.0,1.1450381679389312,0,0.11798590000034892,20,19,19,1,2,1,N/A (ILS),N/A (ILS),ok
chao,p5.2.s.txt,1,78008,66,2,47.5,1310.0,1310.0,0.0,1,0.11330379999981233,20,13,13,7,0,1,N/A (ILS),N/A (ILS),ok
chao,p5.2.t.txt,0,79007,66,2,50.0,1335.0,1390.0,3.9568345323741005,0,0.12324079999962123,20,4,4,16,0,1,N/A (ILS),N/A (ILS),ok
chao,p5.2.t.txt,1,79008,66,2,50.0,1390.0,1390.0,0.0,1,0.11818510000011884,20,16,16,4,0,1,N/A (ILS),N/A (ILS),ok
chao,p5.2.u.txt,0,80007,66,2,52.5,1460.0,1460.0,0.0,1,0.11706219999996392,20,20,20,0,1,1,N/A (ILS),N/A (ILS),ok
chao,p5.2.u.txt,1,80008,66,2,52.5,1430.0,1460.0,2.054794520547945,0,0.12132350000047154,20,16,16,4,1,1,N/A (ILS),N/A (ILS),ok
chao,p5.2.v.txt,0,81007,66,2,55.0,1475.0,1475.0,0.0,1,0.11520190000010189,20,8,8,12,3,1,N/A (ILS),N/A (ILS),ok
chao,p5.2.v.txt,1,81008,66,2,55.0,1465.0,1475.0,0.6779661016949152,0,0.11105510000015784,20,10,10,10,1,1,N/A (ILS),N/A (ILS),ok
chao,p5.2.w.txt,0,82007,66,2,57.5,1540.0,1540.0,0.0,1,0.13555529999939608,20,18,18,2,2,1,N/A (ILS),N/A (ILS),ok
chao,p5.2.w.txt,1,82008,66,2,57.5,1520.0,1540.0,1.2987012987012987,0,0.11529049999990093,20,17,17,3,3,1,N/A (ILS),N/A (ILS),ok
chao,p5.2.x.txt,0,83007,66,2,60.0,1590.0,1590.0,0.0,1,0.13763209999979154,20,17,17,3,0,1,N/A (ILS),N/A (ILS),ok
chao,p5.2.x.txt,1,83008,66,2,60.0,1565.0,1590.0,1.5723270440251573,0,0.1270499000002019,20,3,3,17,4,1,N/A (ILS),N/A (ILS),ok
chao,p5.2.y.txt,0,84007,66,2,62.5,1625.0,1625.0,0.0,1,0.11313600000084989,20,3,3,17,1,1,N/A (ILS),N/A (ILS),ok
chao,p5.2.y.txt,1,84008,66,2,62.5,1615.0,1625.0,0.6153846153846154,0,0.12432720000015252,20,16,16,4,2,1,N/A (ILS),N/A (ILS),ok
chao,p5.2.z.txt,0,85007,66,2,65.0,1665.0,1665.0,0.0,1,0.12283740000020771,20,1,1,19,2,1,N/A (ILS),N/A (ILS),ok
chao,p5.2.z.txt,1,85008,66,2,65.0,1650.0,1665.0,0.9009009009009009,0,0.13237450000087847,20,13,13,7,1,1,N/A (ILS),N/A (ILS),ok
chao,p5.3.a.txt,0,86007,66,3,1.7,0,0.0,0.0,1,0.0051289000002725516,20,0,0,20,1,1,N/A (ILS),N/A (ILS),ok
chao,p5.3.a.txt,1,86008,66,3,1.7,0,0.0,0.0,1,0.0043902999996134895,20,0,0,20,2,1,N/A (ILS),N/A (ILS),ok
chao,p5.3.b.txt,0,87007,66,3,3.3,15.0,15.0,0.0,1,0.026278199999978824,20,0,0,20,0,1,N/A (ILS),N/A (ILS),ok
chao,p5.3.b.txt,1,87008,66,3,3.3,15.0,15.0,0.0,1,0.025673899999674177,20,0,0,20,2,1,N/A (ILS),N/A (ILS),ok
chao,p5.3.c.txt,0,88007,66,3,5.0,20.0,20.0,0.0,1,0.026955700000144134,20,0,0,20,2,1,N/A (ILS),N/A (ILS),ok
chao,p5.3.c.txt,1,88008,66,3,5.0,20.0,20.0,0.0,1,0.01901570000063657,20,0,0,20,1,1,N/A (ILS),N/A (ILS),ok
chao,p5.3.d.txt,0,89007,66,3,6.7,60.0,60.0,0.0,1,0.031204999999317806,20,0,0,20,3,1,N/A (ILS),N/A (ILS),ok
chao,p5.3.d.txt,1,89008,66,3,6.7,60.0,60.0,0.0,1,0.025475700000242796,20,0,0,20,0,1,N/A (ILS),N/A (ILS),ok
chao,p5.3.e.txt,0,90007,66,3,8.3,95.0,95.0,0.0,1,0.038298800000120536,20,3,3,17,1,1,N/A (ILS),N/A (ILS),ok
chao,p5.3.e.txt,1,90008,66,3,8.3,95.0,95.0,0.0,1,0.03324609999981476,20,4,4,16,2,1,N/A (ILS),N/A (ILS),ok
chao,p5.3.f.txt,0,91007,66,3,10.0,110.0,110.0,0.0,1,0.03156570000010106,20,0,0,20,0,1,N/A (ILS),N/A (ILS),ok
chao,p5.3.f.txt,1,91008,66,3,10.0,110.0,110.0,0.0,1,0.031263099999705446,20,0,0,20,2,1,N/A (ILS),N/A (ILS),ok
chao,p5.3.g.txt,0,92007,66,3,11.7,185.0,185.0,0.0,1,0.04418919999989157,20,2,2,18,1,1,N/A (ILS),N/A (ILS),ok
chao,p5.3.g.txt,1,92008,66,3,11.7,185.0,185.0,0.0,1,0.038601700000072015,20,5,5,15,1,1,N/A (ILS),N/A (ILS),ok
chao,p5.3.h.txt,0,93007,66,3,13.3,260.0,260.0,0.0,1,0.05182849999982864,20,0,0,20,4,1,N/A (ILS),N/A (ILS),ok
chao,p5.3.h.txt,1,93008,66,3,13.3,260.0,260.0,0.0,1,0.0508202999999412,20,7,7,13,0,1,N/A (ILS),N/A (ILS),ok
chao,p5.3.i.txt,0,94007,66,3,15.0,335.0,335.0,0.0,1,0.0498528999996779,20,9,9,11,2,1,N/A (ILS),N/A (ILS),ok
chao,p5.3.i.txt,1,94008,66,3,15.0,335.0,335.0,0.0,1,0.056709099999352475,20,0,0,20,2,1,N/A (ILS),N/A (ILS),ok
chao,p5.3.j.txt,0,95007,66,3,16.7,470.0,470.0,0.0,1,0.06670649999978195,20,1,1,19,0,1,N/A (ILS),N/A (ILS),ok
chao,p5.3.j.txt,1,95008,66,3,16.7,430.0,470.0,8.51063829787234,0,0.058381699999699777,20,4,4,16,0,1,N/A (ILS),N/A (ILS),ok
chao,p5.3.k.txt,0,96007,66,3,18.3,485.0,485.0,0.0,1,0.08412950000001729,20,7,7,13,0,1,N/A (ILS),N/A (ILS),ok
chao,p5.3.k.txt,1,96008,66,3,18.3,470.0,485.0,3.0927835051546393,0,0.06871060000048601,20,6,6,14,1,1,N/A (ILS),N/A (ILS),ok
chao,p5.3.l.txt,0,97007,66,3,20.0,575.0,585.0,1.7094017094017095,0,0.07473819999995612,20,0,0,20,2,1,N/A (ILS),N/A (ILS),ok
chao,p5.3.l.txt,1,97008,66,3,20.0,585.0,585.0,0.0,1,0.07950830000027054,20,2,2,18,2,1,N/A (ILS),N/A (ILS),ok
chao,p5.3.m.txt,0,98007,66,3,21.7,645.0,650.0,0.7692307692307693,0,0.09322729999985313,20,2,2,18,3,1,N/A (ILS),N/A (ILS),ok
chao,p5.3.m.txt,1,98008,66,3,21.7,650.0,650.0,0.0,1,0.09353489999921294,20,12,12,8,0,1,N/A (ILS),N/A (ILS),ok
chao,p5.3.n.txt,0,99007,66,3,23.3,710.0,735.0,3.4013605442176873,0,0.10520660000020143,20,12,12,8,0,1,N/A (ILS),N/A (ILS),ok
chao,p5.3.n.txt,1,99008,66,3,23.3,735.0,735.0,0.0,1,0.0858566000006249,20,20,20,0,1,1,N/A (ILS),N/A (ILS),ok
chao,p5.3.o.txt,0,100007,66,3,25.0,820.0,820.0,0.0,1,0.1277911999995922,20,2,2,18,0,1,N/A (ILS),N/A (ILS),ok
chao,p5.3.o.txt,1,100008,66,3,25.0,820.0,820.0,0.0,1,0.10045360000003711,20,14,14,6,1,1,N/A (ILS),N/A (ILS),ok
chao,p5.3.p.txt,0,101007,66,3,26.7,990.0,990.0,0.0,1,0.10774239999955171,20,5,5,15,5,1,N/A (ILS),N/A (ILS),ok
chao,p5.3.p.txt,1,101008,66,3,26.7,940.0,990.0,5.05050505050505,0,0.11253480000050331,20,18,18,2,1,1,N/A (ILS),N/A (ILS),ok
chao,p5.3.q.txt,0,102007,66,3,28.3,1055.0,1055.0,0.0,1,0.12229490000026999,20,14,14,6,1,1,N/A (ILS),N/A (ILS),ok
chao,p5.3.q.txt,1,102008,66,3,28.3,1035.0,1055.0,1.8957345971563981,0,0.1287148999999772,20,18,18,2,3,1,N/A (ILS),N/A (ILS),ok
chao,p5.3.r.txt,0,103007,66,3,30.0,1100.0,1110.0,0.9009009009009009,0,0.11479569999937667,20,4,4,16,3,1,N/A (ILS),N/A (ILS),ok
chao,p5.3.r.txt,1,103008,66,3,30.0,1110.0,1110.0,0.0,1,0.15198119999968185,20,5,5,15,2,1,N/A (ILS),N/A (ILS),ok
chao,p5.3.s.txt,0,104007,66,3,31.7,1110.0,1155.0,3.896103896103896,0,0.11328990000038175,20,4,4,16,3,1,N/A (ILS),N/A (ILS),ok
chao,p5.3.s.txt,1,104008,66,3,31.7,1155.0,1155.0,0.0,1,0.11283550000007381,20,3,3,17,0,1,N/A (ILS),N/A (ILS),ok
chao,p5.3.t.txt,0,105007,66,3,33.3,1235.0,1255.0,1.593625498007968,0,0.12263660000007803,20,20,20,0,2,1,N/A (ILS),N/A (ILS),ok
chao,p5.3.t.txt,1,105008,66,3,33.3,1255.0,1255.0,0.0,1,0.1120612999993682,20,15,15,5,1,1,N/A (ILS),N/A (ILS),ok
chao,p5.3.u.txt,0,106007,66,3,35.0,1305.0,1335.0,2.247191011235955,0,0.1235207999998238,20,5,5,15,0,1,N/A (ILS),N/A (ILS),ok
chao,p5.3.u.txt,1,106008,66,3,35.0,1335.0,1335.0,0.0,1,0.12801020000006247,20,7,7,13,3,1,N/A (ILS),N/A (ILS),ok
chao,p5.3.v.txt,0,107007,66,3,36.7,1385.0,1390.0,0.3597122302158274,0,0.12824079999973037,20,4,4,16,2,1,N/A (ILS),N/A (ILS),ok
chao,p5.3.v.txt,1,107008,66,3,36.7,1390.0,1390.0,0.0,1,0.1381943999995201,20,15,15,5,1,1,N/A (ILS),N/A (ILS),ok
chao,p5.3.w.txt,0,108007,66,3,38.3,1370.0,1440.0,4.861111111111112,0,0.12447450000036042,20,18,18,2,1,1,N/A (ILS),N/A (ILS),ok
chao,p5.3.w.txt,1,108008,66,3,38.3,1440.0,1440.0,0.0,1,0.12265430000024935,20,17,17,3,3,1,N/A (ILS),N/A (ILS),ok
chao,p5.3.x.txt,0,109007,66,3,40.0,1525.0,1525.0,0.0,1,0.19242550000035408,20,15,15,5,2,1,N/A (ILS),N/A (ILS),ok
chao,p5.3.x.txt,1,109008,66,3,40.0,1485.0,1525.0,2.622950819672131,0,0.12753199999951903,20,7,7,13,0,1,N/A (ILS),N/A (ILS),ok
chao,p5.3.y.txt,0,110007,66,3,41.7,1565.0,1565.0,0.0,1,0.12858690000030037,20,17,17,3,1,1,N/A (ILS),N/A (ILS),ok
chao,p5.3.y.txt,1,110008,66,3,41.7,1555.0,1565.0,0.6389776357827476,0,0.12258430000019871,20,10,10,10,1,1,N/A (ILS),N/A (ILS),ok
chao,p5.3.z.txt,0,111007,66,3,43.3,1610.0,1610.0,0.0,1,0.13602479999917705,20,8,8,12,1,1,N/A (ILS),N/A (ILS),ok
chao,p5.3.z.txt,1,111008,66,3,43.3,1585.0,1610.0,1.5527950310559007,0,0.11186309999993682,20,2,2,18,0,1,N/A (ILS),N/A (ILS),ok
chao,p5.4.a.txt,0,112007,66,4,1.2,0,0.0,0.0,1,0.013608499999463675,20,0,0,20,2,1,N/A (ILS),N/A (ILS),ok
chao,p5.4.a.txt,1,112008,66,4,1.2,0,0.0,0.0,1,0.0055787000001146225,20,0,0,20,1,1,N/A (ILS),N/A (ILS),ok
chao,p5.4.b.txt,0,113007,66,4,2.5,0,0.0,0.0,1,0.007115000000339933,20,0,0,20,4,1,N/A (ILS),N/A (ILS),ok
chao,p5.4.b.txt,1,113008,66,4,2.5,0,0.0,0.0,1,0.00753660000009404,20,0,0,20,3,1,N/A (ILS),N/A (ILS),ok
chao,p5.4.c.txt,0,114007,66,4,3.8,20.0,20.0,0.0,1,0.02404949999981909,20,0,0,20,2,1,N/A (ILS),N/A (ILS),ok
chao,p5.4.c.txt,1,114008,66,4,3.8,20.0,20.0,0.0,1,0.02472369999941293,20,0,0,20,3,1,N/A (ILS),N/A (ILS),ok
chao,p5.4.d.txt,0,115007,66,4,5.0,20.0,20.0,0.0,1,0.03245249999963562,20,0,0,20,0,1,N/A (ILS),N/A (ILS),ok
chao,p5.4.d.txt,1,115008,66,4,5.0,20.0,20.0,0.0,1,0.027985200000330224,20,0,0,20,2,1,N/A (ILS),N/A (ILS),ok
chao,p5.4.e.txt,0,116007,66,4,6.2,20.0,20.0,0.0,1,0.024531399999432324,20,0,0,20,2,1,N/A (ILS),N/A (ILS),ok
chao,p5.4.e.txt,1,116008,66,4,6.2,20.0,20.0,0.0,1,0.023619499999767868,20,0,0,20,1,1,N/A (ILS),N/A (ILS),ok
chao,p5.4.f.txt,0,117007,66,4,7.5,80.0,80.0,0.0,1,0.03415260000019771,20,0,0,20,2,1,N/A (ILS),N/A (ILS),ok
chao,p5.4.f.txt,1,117008,66,4,7.5,80.0,80.0,0.0,1,0.047608300000320014,20,0,0,20,0,1,N/A (ILS),N/A (ILS),ok
chao,p5.4.g.txt,0,118007,66,4,8.8,140.0,140.0,0.0,1,0.04310079999959271,20,0,0,20,2,1,N/A (ILS),N/A (ILS),ok
chao,p5.4.g.txt,1,118008,66,4,8.8,140.0,140.0,0.0,1,0.04663010000058421,20,0,0,20,1,1,N/A (ILS),N/A (ILS),ok
chao,p5.4.h.txt,0,119007,66,4,10.0,140.0,140.0,0.0,1,0.04628049999973882,20,0,0,20,3,1,N/A (ILS),N/A (ILS),ok
chao,p5.4.h.txt,1,119008,66,4,10.0,140.0,140.0,0.0,1,0.05174299999998766,20,0,0,20,2,1,N/A (ILS),N/A (ILS),ok
chao,p5.4.i.txt,0,120007,66,4,11.2,240.0,240.0,0.0,1,0.051327799999853596,20,0,0,20,1,1,N/A (ILS),N/A (ILS),ok
chao,p5.4.i.txt,1,120008,66,4,11.2,240.0,240.0,0.0,1,0.07617039999968256,20,20,20,0,1,1,N/A (ILS),N/A (ILS),ok
chao,p5.4.j.txt,0,121007,66,4,12.5,340.0,340.0,0.0,1,0.07252319999952306,20,2,2,18,2,1,N/A (ILS),N/A (ILS),ok
chao,p5.4.j.txt,1,121008,66,4,12.5,340.0,340.0,0.0,1,0.08197219999965455,20,2,2,18,2,1,N/A (ILS),N/A (ILS),ok
chao,p5.4.k.txt,0,122007,66,4,13.8,340.0,340.0,0.0,1,0.06893260000015289,20,0,0,20,2,1,N/A (ILS),N/A (ILS),ok
chao,p5.4.k.txt,1,122008,66,4,13.8,340.0,340.0,0.0,1,0.07525630000054662,20,0,0,20,0,1,N/A (ILS),N/A (ILS),ok
chao,p5.4.l.txt,0,123007,66,4,15.0,425.0,425.0,0.0,1,0.08406210000066494,20,10,10,10,0,1,N/A (ILS),N/A (ILS),ok
chao,p5.4.l.txt,1,123008,66,4,15.0,395.0,425.0,7.0588235294117645,0,0.07303820000015548,20,8,8,12,0,1,N/A (ILS),N/A (ILS),ok
chao,p5.4.m.txt,0,124007,66,4,16.2,550.0,550.0,0.0,1,0.09667799999988347,20,1,1,19,1,1,N/A (ILS),N/A (ILS),ok
chao,p5.4.m.txt,1,124008,66,4,16.2,480.0,550.0,12.727272727272727,0,0.07752849999997125,20,11,11,9,0,1,N/A (ILS),N/A (ILS),ok
chao,p5.4.n.txt,0,125007,66,4,17.5,600.0,620.0,3.225806451612903,0,0.09694589999980963,20,7,7,13,3,1,N/A (ILS),N/A (ILS),ok
chao,p5.4.n.txt,1,125008,66,4,17.5,620.0,620.0,0.0,1,0.09188929999982065,20,3,3,17,1,1,N/A (ILS),N/A (ILS),ok
chao,p5.4.o.txt,0,126007,66,4,18.8,655.0,655.0,0.0,1,0.13539189999937662,20,7,7,13,1,1,N/A (ILS),N/A (ILS),ok
chao,p5.4.o.txt,1,126008,66,4,18.8,640.0,655.0,2.2900763358778624,0,0.12698920000002545,20,10,10,10,0,1,N/A (ILS),N/A (ILS),ok
chao,p5.4.p.txt,0,127007,66,4,20.0,760.0,760.0,0.0,1,0.12141609999980574,20,3,3,17,1,1,N/A (ILS),N/A (ILS),ok
chao,p5.4.p.txt,1,127008,66,4,20.0,760.0,760.0,0.0,1,0.11814569999933155,20,20,20,0,0,1,N/A (ILS),N/A (ILS),ok
chao,p5.4.q.txt,0,128007,66,4,21.2,830.0,860.0,3.488372093023256,0,0.11900950000017474,20,16,16,4,1,1,N/A (ILS),N/A (ILS),ok
chao,p5.4.q.txt,1,128008,66,4,21.2,860.0,860.0,0.0,1,0.11575400000037916,20,17,17,3,0,1,N/A (ILS),N/A (ILS),ok
chao,p5.4.r.txt,0,129007,66,4,22.5,870.0,890.0,2.247191011235955,0,0.1156741000004331,20,5,5,15,1,1,N/A (ILS),N/A (ILS),ok
chao,p5.4.r.txt,1,129008,66,4,22.5,890.0,890.0,0.0,1,0.11194320000049629,20,7,7,13,2,1,N/A (ILS),N/A (ILS),ok
chao,p5.4.s.txt,0,130007,66,4,23.8,1005.0,1005.0,0.0,1,0.12972640000043612,20,9,9,11,1,1,N/A (ILS),N/A (ILS),ok
chao,p5.4.s.txt,1,130008,66,4,23.8,1000.0,1005.0,0.4975124378109453,0,0.13429070000074717,20,7,7,13,0,1,N/A (ILS),N/A (ILS),ok
chao,p5.4.t.txt,0,131007,66,4,25.0,1095.0,1095.0,0.0,1,0.13938790000065637,20,3,3,17,3,1,N/A (ILS),N/A (ILS),ok
chao,p5.4.t.txt,1,131008,66,4,25.0,1040.0,1095.0,5.0228310502283104,0,0.12122100000033242,20,3,3,17,2,1,N/A (ILS),N/A (ILS),ok
chao,p5.4.u.txt,0,132007,66,4,26.2,1175.0,1175.0,0.0,1,0.13487720000011905,20,8,8,12,2,1,N/A (ILS),N/A (ILS),ok
chao,p5.4.u.txt,1,132008,66,4,26.2,1165.0,1175.0,0.851063829787234,0,0.12757939999937662,20,10,10,10,2,1,N/A (ILS),N/A (ILS),ok
chao,p5.4.v.txt,0,133007,66,4,27.5,1230.0,1285.0,4.280155642023346,0,0.1281915999998091,20,12,12,8,1,1,N/A (ILS),N/A (ILS),ok
chao,p5.4.v.txt,1,133008,66,4,27.5,1285.0,1285.0,0.0,1,0.15008469999975205,20,9,9,11,0,1,N/A (ILS),N/A (ILS),ok
chao,p5.4.w.txt,0,134007,66,4,28.8,1375.0,1375.0,0.0,1,0.1447705999999016,20,9,9,11,2,1,N/A (ILS),N/A (ILS),ok
chao,p5.4.w.txt,1,134008,66,4,28.8,1370.0,1375.0,0.36363636363636365,0,0.12906779999957507,20,6,6,14,2,1,N/A (ILS),N/A (ILS),ok
chao,p5.4.x.txt,0,135007,66,4,30.0,1390.0,1390.0,0.0,1,0.14909590000024764,20,5,5,15,5,1,N/A (ILS),N/A (ILS),ok
chao,p5.4.x.txt,1,135008,66,4,30.0,1380.0,1390.0,0.7194244604316548,0,0.1361194000000978,20,20,20,0,5,1,N/A (ILS),N/A (ILS),ok
chao,p5.4.y.txt,0,136007,66,4,31.2,1485.0,1485.0,0.0,1,0.12565989999984595,20,0,0,20,4,1,N/A (ILS),N/A (ILS),ok
chao,p5.4.y.txt,1,136008,66,4,31.2,1465.0,1485.0,1.3468013468013467,0,0.11827619999985473,20,16,16,4,3,1,N/A (ILS),N/A (ILS),ok
chao,p5.4.z.txt,0,137007,66,4,32.5,1535.0,1535.0,0.0,1,0.18746050000027026,20,12,12,8,0,1,N/A (ILS),N/A (ILS),ok
chao,p5.4.z.txt,1,137008,66,4,32.5,1485.0,1535.0,3.257328990228013,0,0.2272435000004407,20,7,7,13,1,1,N/A (ILS),N/A (ILS),ok
chao,p6.2.a.txt,0,138007,64,2,7.5,0,0.0,0.0,1,0.005834300000060466,20,0,0,20,1,1,N/A (ILS),N/A (ILS),ok
chao,p6.2.a.txt,1,138008,64,2,7.5,0,0.0,0.0,1,0.006182099999932689,20,0,0,20,1,1,N/A (ILS),N/A (ILS),ok
chao,p6.2.b.txt,0,139007,64,2,10.0,0,0.0,0.0,1,0.006166999999550171,20,0,0,20,1,1,N/A (ILS),N/A (ILS),ok
chao,p6.2.b.txt,1,139008,64,2,10.0,0,0.0,0.0,1,0.006286099999670114,20,0,0,20,3,1,N/A (ILS),N/A (ILS),ok
chao,p6.2.c.txt,0,140007,64,2,12.5,0,0.0,0.0,1,0.005497099999956845,20,0,0,20,0,1,N/A (ILS),N/A (ILS),ok
chao,p6.2.c.txt,1,140008,64,2,12.5,0,0.0,0.0,1,0.0034829999995054095,20,0,0,20,2,1,N/A (ILS),N/A (ILS),ok
chao,p6.2.d.txt,0,141007,64,2,15.0,192.0,192.0,0.0,1,0.0702768000001015,20,3,3,17,1,1,N/A (ILS),N/A (ILS),ok
chao,p6.2.d.txt,1,141008,64,2,15.0,192.0,192.0,0.0,1,0.07505599999967671,20,0,0,20,1,1,N/A (ILS),N/A (ILS),ok
chao,p6.2.e.txt,0,142007,64,2,17.5,360.0,360.0,0.0,1,0.09316319999925327,20,0,0,20,4,1,N/A (ILS),N/A (ILS),ok
chao,p6.2.e.txt,1,142008,64,2,17.5,360.0,360.0,0.0,1,0.07903600000008737,20,0,0,20,0,1,N/A (ILS),N/A (ILS),ok
chao,p6.2.f.txt,0,143007,64,2,20.0,492.0,540.0,8.88888888888889,0,0.1098056999999244,20,2,2,18,0,1,N/A (ILS),N/A (ILS),ok
chao,p6.2.f.txt,1,143008,64,2,20.0,540.0,540.0,0.0,1,0.13219010000011622,20,4,4,16,1,1,N/A (ILS),N/A (ILS),ok
chao,p6.2.g.txt,0,144007,64,2,22.5,624.0,660.0,5.454545454545454,0,0.15147820000038337,20,5,5,15,1,1,N/A (ILS),N/A (ILS),ok
chao,p6.2.g.txt,1,144008,64,2,22.5,660.0,660.0,0.0,1,0.1238986999996996,20,8,8,12,3,1,N/A (ILS),N/A (ILS),ok
chao,p6.2.h.txt,0,145007,64,2,25.0,780.0,780.0,0.0,1,0.08105830000022252,20,14,14,6,1,1,N/A (ILS),N/A (ILS),ok
chao,p6.2.h.txt,1,145008,64,2,25.0,732.0,780.0,6.153846153846154,0,0.10175049999998009,20,12,12,8,1,1,N/A (ILS),N/A (ILS),ok
chao,p6.2.i.txt,0,146007,64,2,27.5,888.0,888.0,0.0,1,0.1003712000001542,20,13,13,7,0,1,N/A (ILS),N/A (ILS),ok
chao,p6.2.i.txt,1,146008,64,2,27.5,888.0,888.0,0.0,1,0.11241850000078557,20,5,5,15,2,1,N/A (ILS),N/A (ILS),ok
chao,p6.2.j.txt,0,147007,64,2,30.0,936.0,936.0,0.0,1,0.11414719999993395,20,20,20,0,0,1,N/A (ILS),N/A (ILS),ok
chao,p6.2.j.txt,1,147008,64,2,30.0,930.0,936.0,0.641025641025641,0,0.12261769999986427,20,15,15,5,3,1,N/A (ILS),N/A (ILS),ok
chao,p6.2.k.txt,0,148007,64,2,32.5,1032.0,1032.0,0.0,1,0.1236018999998123,20,11,11,9,5,1,N/A (ILS),N/A (ILS),ok
chao,p6.2.k.txt,1,148008,64,2,32.5,1032.0,1032.0,0.0,1,0.11652719999983674,20,12,12,8,4,1,N/A (ILS),N/A (ILS),ok
chao,p6.2.l.txt,0,149007,64,2,35.0,1104.0,1104.0,0.0,1,0.1265997000000425,20,19,19,1,0,1,N/A (ILS),N/A (ILS),ok
chao,p6.2.l.txt,1,149008,64,2,35.0,1098.0,1104.0,0.5434782608695652,0,0.0985806999997294,20,2,2,18,1,1,N/A (ILS),N/A (ILS),ok
chao,p6.2.m.txt,0,150007,64,2,37.5,1140.0,1164.0,2.0618556701030926,0,0.10118129999955272,20,4,4,16,0,1,N/A (ILS),N/A (ILS),ok
chao,p6.2.m.txt,1,150008,64,2,37.5,1164.0,1164.0,0.0,1,0.11519440000029135,20,4,4,16,1,1,N/A (ILS),N/A (ILS),ok
chao,p6.2.n.txt,0,151007,64,2,40.0,1242.0,1242.0,0.0,1,0.11715019999974174,20,18,18,2,1,1,N/A (ILS),N/A (ILS),ok
chao,p6.2.n.txt,1,151008,64,2,40.0,1236.0,1242.0,0.4830917874396135,0,0.1235183999997389,20,7,7,13,2,1,N/A (ILS),N/A (ILS),ok
chao,p6.3.a.txt,0,152007,64,3,5.0,0,0.0,0.0,1,0.004648699999961536,20,0,0,20,2,1,N/A (ILS),N/A (ILS),ok
chao,p6.3.a.txt,1,152008,64,3,5.0,0,0.0,0.0,1,0.004621699999916018,20,0,0,20,3,1,N/A (ILS),N/A (ILS),ok
chao,p6.3.b.txt,0,153007,64,3,6.7,0,0.0,0.0,1,0.0046716999995624064,20,0,0,20,2,1,N/A (ILS),N/A (ILS),ok
chao,p6.3.b.txt,1,153008,64,3,6.7,0,0.0,0.0,1,0.004570900000544498,20,0,0,20,1,1,N/A (ILS),N/A (ILS),ok
chao,p6.3.c.txt,0,154007,64,3,8.3,0,0.0,0.0,1,0.004633999999896332,20,0,0,20,3,1,N/A (ILS),N/A (ILS),ok
chao,p6.3.c.txt,1,154008,64,3,8.3,0,0.0,0.0,1,0.004560200000014447,20,0,0,20,2,1,N/A (ILS),N/A (ILS),ok
chao,p6.3.d.txt,0,155007,64,3,10.0,0,0.0,0.0,1,0.004575600000862323,20,0,0,20,2,1,N/A (ILS),N/A (ILS),ok
chao,p6.3.d.txt,1,155008,64,3,10.0,0,0.0,0.0,1,0.004742999999507447,20,0,0,20,2,1,N/A (ILS),N/A (ILS),ok
chao,p6.3.e.txt,0,156007,64,3,11.7,0,0.0,0.0,1,0.004745899999761605,20,0,0,20,3,1,N/A (ILS),N/A (ILS),ok
chao,p6.3.e.txt,1,156008,64,3,11.7,0,0.0,0.0,1,0.004743899999994028,20,0,0,20,2,1,N/A (ILS),N/A (ILS),ok
chao,p6.3.f.txt,0,157007,64,3,13.3,0,0.0,0.0,1,0.004768300000250747,20,0,0,20,1,1,N/A (ILS),N/A (ILS),ok
chao,p6.3.f.txt,1,157008,64,3,13.3,0,0.0,0.0,1,0.004535300000497955,20,0,0,20,2,1,N/A (ILS),N/A (ILS),ok
chao,p6.3.g.txt,0,158007,64,3,15.0,276.0,276.0,0.0,1,0.05278159999943455,20,6,6,14,0,1,N/A (ILS),N/A (ILS),ok
chao,p6.3.g.txt,1,158008,64,3,15.0,276.0,276.0,0.0,1,0.05861600000025646,20,0,0,20,3,1,N/A (ILS),N/A (ILS),ok
chao,p6.3.h.txt,0,159007,64,3,16.7,438.0,438.0,0.0,1,0.07049189999997907,20,9,9,11,2,1,N/A (ILS),N/A (ILS),ok
chao,p6.3.h.txt,1,159008,64,3,16.7,432.0,438.0,1.36986301369863,0,0.07092720000036934,20,20,20,0,2,1,N/A (ILS),N/A (ILS),ok
chao,p6.3.i.txt,0,160007,64,3,18.3,600.0,612.0,1.9607843137254901,0,0.0940110999999888,20,14,14,6,1,1,N/A (ILS),N/A (ILS),ok
chao,p6.3.i.txt,1,160008,64,3,18.3,612.0,612.0,0.0,1,0.10063850000005914,20,17,17,3,1,1,N/A (ILS),N/A (ILS),ok
chao,p6.3.j.txt,0,161007,64,3,20.0,828.0,828.0,0.0,1,0.10587159999977303,20,11,11,9,1,1,N/A (ILS),N/A (ILS),ok
chao,p6.3.j.txt,1,161008,64,3,20.0,756.0,828.0,8.695652173913043,0,0.11143549999997049,20,6,6,14,0,1,N/A (ILS),N/A (ILS),ok
chao,p6.3.k.txt,0,162007,64,3,21.7,810.0,840.0,3.571428571428571,0,0.1204344999996465,20,1,1,19,2,1,N/A (ILS),N/A (ILS),ok
chao,p6.3.k.txt,1,162008,64,3,21.7,840.0,840.0,0.0,1,0.11332589999983611,20,13,13,7,1,1,N/A (ILS),N/A (ILS),ok
chao,p6.3.l.txt,0,163007,64,3,23.3,972.0,996.0,2.4096385542168677,0,0.11126309999963269,20,19,19,1,2,1,N/A (ILS),N/A (ILS),ok
chao,p6.3.l.txt,1,163008,64,3,23.3,996.0,996.0,0.0,1,0.106875399999808,20,16,16,4,0,1,N/A (ILS),N/A (ILS),ok
chao,p6.3.m.txt,0,164007,64,3,25.0,1050.0,1056.0,0.5681818181818182,0,0.12151619999985996,20,15,15,5,0,1,N/A (ILS),N/A (ILS),ok
chao,p6.3.m.txt,1,164008,64,3,25.0,1056.0,1056.0,0.0,1,0.11292899999989459,20,10,10,10,1,1,N/A (ILS),N/A (ILS),ok
chao,p6.3.n.txt,0,165007,64,3,26.7,1134.0,1134.0,0.0,1,0.11974279999958526,20,4,4,16,0,1,N/A (ILS),N/A (ILS),ok
chao,p6.3.n.txt,1,165008,64,3,26.7,1128.0,1134.0,0.5291005291005291,0,0.1226611000001867,20,16,16,4,1,1,N/A (ILS),N/A (ILS),ok
chao,p6.4.a.txt,0,166007,64,4,3.8,0,0.0,0.0,1,0.005468299999847659,20,0,0,20,0,1,N/A (ILS),N/A (ILS),ok
chao,p6.4.a.txt,1,166008,64,4,3.8,0,0.0,0.0,1,0.005529899999601184,20,0,0,20,0,1,N/A (ILS),N/A (ILS),ok
chao,p6.4.b.txt,0,167007,64,4,5.0,0,0.0,0.0,1,0.005785300000752613,20,0,0,20,1,1,N/A (ILS),N/A (ILS),ok
chao,p6.4.b.txt,1,167008,64,4,5.0,0,0.0,0.0,1,0.012744499999826076,20,0,0,20,5,1,N/A (ILS),N/A (ILS),ok
chao,p6.4.c.txt,0,168007,64,4,6.2,0,0.0,0.0,1,0.015633700000762474,20,0,0,20,2,1,N/A (ILS),N/A (ILS),ok
chao,p6.4.c.txt,1,168008,64,4,6.2,0,0.0,0.0,1,0.01628419999997277,20,0,0,20,3,1,N/A (ILS),N/A (ILS),ok
chao,p6.4.d.txt,0,169007,64,4,7.5,0,0.0,0.0,1,0.016369500000109838,20,0,0,20,1,1,N/A (ILS),N/A (ILS),ok
chao,p6.4.d.txt,1,169008,64,4,7.5,0,0.0,0.0,1,0.006472600000051898,20,0,0,20,1,1,N/A (ILS),N/A (ILS),ok
chao,p6.4.e.txt,0,170007,64,4,8.8,0,0.0,0.0,1,0.005722300000343239,20,0,0,20,1,1,N/A (ILS),N/A (ILS),ok
chao,p6.4.e.txt,1,170008,64,4,8.8,0,0.0,0.0,1,0.0061141999995015794,20,0,0,20,0,1,N/A (ILS),N/A (ILS),ok
chao,p6.4.f.txt,0,171007,64,4,10.0,0,0.0,0.0,1,0.005851199999597156,20,0,0,20,4,1,N/A (ILS),N/A (ILS),ok
chao,p6.4.f.txt,1,171008,64,4,10.0,0,0.0,0.0,1,0.005554700000175217,20,0,0,20,0,1,N/A (ILS),N/A (ILS),ok
chao,p6.4.g.txt,0,172007,64,4,11.2,0,0.0,0.0,1,0.005427999999483291,20,0,0,20,3,1,N/A (ILS),N/A (ILS),ok
chao,p6.4.g.txt,1,172008,64,4,11.2,0,0.0,0.0,1,0.006083299999772862,20,0,0,20,2,1,N/A (ILS),N/A (ILS),ok
chao,p6.4.h.txt,0,173007,64,4,12.5,0,0.0,0.0,1,0.0057146999997712555,20,0,0,20,1,1,N/A (ILS),N/A (ILS),ok
chao,p6.4.h.txt,1,173008,64,4,12.5,0,0.0,0.0,1,0.005715600000257837,20,0,0,20,3,1,N/A (ILS),N/A (ILS),ok
chao,p6.4.i.txt,0,174007,64,4,13.8,0,0.0,0.0,1,0.005783900000096764,20,0,0,20,1,1,N/A (ILS),N/A (ILS),ok
chao,p6.4.i.txt,1,174008,64,4,13.8,0,0.0,0.0,1,0.006899400000293099,20,0,0,20,1,1,N/A (ILS),N/A (ILS),ok
chao,p6.4.j.txt,0,175007,64,4,15.0,366.0,366.0,0.0,1,0.07237259999965318,20,7,7,13,2,1,N/A (ILS),N/A (ILS),ok
chao,p6.4.j.txt,1,175008,64,4,15.0,360.0,366.0,1.639344262295082,0,0.06980949999979202,20,0,0,20,0,1,N/A (ILS),N/A (ILS),ok
chao,p6.4.k.txt,0,176007,64,4,16.2,516.0,516.0,0.0,1,0.08601249999992433,20,19,19,1,0,1,N/A (ILS),N/A (ILS),ok
chao,p6.4.k.txt,1,176008,64,4,16.2,504.0,516.0,2.3255813953488373,0,0.0859733999996024,20,15,15,5,1,1,N/A (ILS),N/A (ILS),ok
chao,p6.4.l.txt,0,177007,64,4,17.5,684.0,684.0,0.0,1,0.12038229999961914,20,1,1,19,3,1,N/A (ILS),N/A (ILS),ok
chao,p6.4.l.txt,1,177008,64,4,17.5,684.0,684.0,0.0,1,0.11504560000048514,20,3,3,17,0,1,N/A (ILS),N/A (ILS),ok
chao,p6.4.m.txt,0,178007,64,4,18.8,912.0,912.0,0.0,1,0.1296767000003456,20,11,11,9,1,1,N/A (ILS),N/A (ILS),ok
chao,p6.4.m.txt,1,178008,64,4,18.8,882.0,912.0,3.289473684210526,0,0.14313820000006672,20,12,12,8,1,1,N/A (ILS),N/A (ILS),ok
chao,p6.4.n.txt,0,179007,64,4,20.0,1068.0,1068.0,0.0,1,0.1491334000002098,20,10,10,10,1,1,N/A (ILS),N/A (ILS),ok
chao,p6.4.n.txt,1,179008,64,4,20.0,996.0,1068.0,6.741573033707865,0,0.12647019999985787,20,17,17,3,3,1,N/A (ILS),N/A (ILS),ok
chao,p7.2.a.txt,0,180007,102,2,10.0,30.0,30.0,0.0,1,0.03069229999982781,20,0,0,20,2,1,N/A (ILS),N/A (ILS),ok
chao,p7.2.a.txt,1,180008,102,2,10.0,30.0,30.0,0.0,1,0.019107300000541727,20,0,0,20,1,1,N/A (ILS),N/A (ILS),ok
chao,p7.2.b.txt,0,181007,102,2,20.0,64.0,64.0,0.0,1,0.02538360000016837,20,0,0,20,2,1,N/A (ILS),N/A (ILS),ok
chao,p7.2.b.txt,1,181008,102,2,20.0,64.0,64.0,0.0,1,0.033505200000035984,20,0,0,20,1,1,N/A (ILS),N/A (ILS),ok
chao,p7.2.c.txt,0,182007,102,2,30.0,101.0,101.0,0.0,1,0.03527199999916775,20,2,2,18,4,1,N/A (ILS),N/A (ILS),ok
chao,p7.2.c.txt,1,182008,102,2,30.0,101.0,101.0,0.0,1,0.03316580000046088,20,5,5,15,1,1,N/A (ILS),N/A (ILS),ok
chao,p7.2.d.txt,0,183007,102,2,40.0,182.0,190.0,4.2105263157894735,0,0.07450539999990724,20,20,20,0,4,1,N/A (ILS),N/A (ILS),ok
chao,p7.2.d.txt,1,183008,102,2,40.0,190.0,190.0,0.0,1,0.041083899999648565,20,5,5,15,0,1,N/A (ILS),N/A (ILS),ok
chao,p7.2.e.txt,0,184007,102,2,50.0,253.0,280.0,9.642857142857144,0,0.08140139999977691,20,20,20,0,0,1,N/A (ILS),N/A (ILS),ok
chao,p7.2.e.txt,1,184008,102,2,50.0,280.0,280.0,0.0,1,0.06748869999955787,20,13,13,7,4,1,N/A (ILS),N/A (ILS),ok
chao,p7.2.f.txt,0,185007,102,2,60.0,377.0,379.0,0.5277044854881267,0,0.11905029999979888,20,20,20,0,1,1,N/A (ILS),N/A (ILS),ok
chao,p7.2.f.txt,1,185008,102,2,60.0,379.0,379.0,0.0,1,0.08721270000023651,20,12,12,8,0,1,N/A (ILS),N/A (ILS),ok
chao,p7.2.g.txt,0,186007,102,2,70.0,383.0,406.0,5.665024630541872,0,0.10925259999930859,20,19,19,1,1,1,N/A (ILS),N/A (ILS),ok
chao,p7.2.g.txt,1,186008,102,2,70.0,406.0,406.0,0.0,1,0.10277700000006007,20,9,9,11,1,1,N/A (ILS),N/A (ILS),ok
chao,p7.2.h.txt,0,187007,102,2,80.0,449.0,449.0,0.0,1,0.13249960000030114,20,15,15,5,2,1,N/A (ILS),N/A (ILS),ok
chao,p7.2.h.txt,1,187008,102,2,80.0,429.0,449.0,4.4543429844097995,0,0.13093409999964933,20,13,13,7,0,1,N/A (ILS),N/A (ILS),ok
chao,p7.2.i.txt,0,188007,102,2,90.0,531.0,531.0,0.0,1,0.15249039999980596,20,19,19,1,2,1,N/A (ILS),N/A (ILS),ok
chao,p7.2.i.txt,1,188008,102,2,90.0,518.0,531.0,2.4482109227871938,0,0.1751244000006409,20,0,0,20,0,1,N/A (ILS),N/A (ILS),ok
chao,p7.2.j.txt,0,189007,102,2,100.0,629.0,629.0,0.0,1,0.1814624000007825,20,13,13,7,3,1,N/A (ILS),N/A (ILS),ok
chao,p7.2.j.txt,1,189008,102,2,100.0,580.0,629.0,7.790143084260731,0,0.18803660000048694,20,15,15,5,1,1,N/A (ILS),N/A (ILS),ok
chao,p7.2.k.txt,0,190007,102,2,110.0,682.0,682.0,0.0,1,0.2116985000002387,20,4,4,16,2,1,N/A (ILS),N/A (ILS),ok
chao,p7.2.k.txt,1,190008,102,2,110.0,645.0,682.0,5.425219941348973,0,0.2015357000000222,20,20,20,0,0,1,N/A (ILS),N/A (ILS),ok
chao,p7.2.l.txt,0,191007,102,2,120.0,747.0,747.0,0.0,1,0.2225680999999895,20,17,17,3,0,1,N/A (ILS),N/A (ILS),ok
chao,p7.2.l.txt,1,191008,102,2,120.0,709.0,747.0,5.087014725568943,0,0.21784850000040024,20,15,15,5,3,1,N/A (ILS),N/A (ILS),ok
chao,p7.2.m.txt,0,192007,102,2,130.0,760.0,760.0,0.0,1,0.225010399999519,20,16,16,4,1,1,N/A (ILS),N/A (ILS),ok
chao,p7.2.m.txt,1,192008,102,2,130.0,740.0,760.0,2.631578947368421,0,0.22609000000011292,20,18,18,2,0,1,N/A (ILS),N/A (ILS),ok
chao,p7.2.n.txt,0,193007,102,2,140.0,809.0,828.0,2.2946859903381642,0,0.2624814000000697,20,15,15,5,0,1,N/A (ILS),N/A (ILS),ok
chao,p7.2.n.txt,1,193008,102,2,140.0,828.0,828.0,0.0,1,0.2698699000002307,20,16,16,4,1,1,N/A (ILS),N/A (ILS),ok
chao,p7.2.o.txt,0,194007,102,2,150.0,894.0,908.0,1.5418502202643172,0,0.32238689999940107,20,20,20,0,0,1,N/A (ILS),N/A (ILS),ok
chao,p7.2.o.txt,1,194008,102,2,150.0,908.0,908.0,0.0,1,0.32549139999991894,20,20,20,0,1,1,N/A (ILS),N/A (ILS),ok
chao,p7.2.p.txt,0,195007,102,2,160.0,930.0,942.0,1.2738853503184715,0,0.2809911000003922,20,16,16,4,4,1,N/A (ILS),N/A (ILS),ok
chao,p7.2.p.txt,1,195008,102,2,160.0,942.0,942.0,0.0,1,0.27676440000050206,20,20,20,0,2,1,N/A (ILS),N/A (ILS),ok
chao,p7.2.q.txt,0,196007,102,2,170.0,996.0,1019.0,2.2571148184494603,0,0.3163608999993812,20,20,20,0,2,1,N/A (ILS),N/A (ILS),ok
chao,p7.2.q.txt,1,196008,102,2,170.0,1019.0,1019.0,0.0,1,0.31297339999946416,20,12,12,8,0,1,N/A (ILS),N/A (ILS),ok
chao,p7.2.r.txt,0,197007,102,2,180.0,1034.0,1038.0,0.3853564547206166,0,0.35487039999952685,20,19,19,1,2,1,N/A (ILS),N/A (ILS),ok
chao,p7.2.r.txt,1,197008,102,2,180.0,1038.0,1038.0,0.0,1,0.30855479999991076,20,16,16,4,1,1,N/A (ILS),N/A (ILS),ok
chao,p7.2.s.txt,0,198007,102,2,190.0,998.0,1082.0,7.763401109057301,0,0.3401445999998032,20,20,20,0,1,1,N/A (ILS),N/A (ILS),ok
chao,p7.2.s.txt,1,198008,102,2,190.0,1082.0,1082.0,0.0,1,0.3285655999998198,20,18,18,2,0,1,N/A (ILS),N/A (ILS),ok
chao,p7.2.t.txt,0,199007,102,2,200.0,1153.0,1153.0,0.0,1,0.3686171999997896,20,18,18,2,0,1,N/A (ILS),N/A (ILS),ok
chao,p7.2.t.txt,1,199008,102,2,200.0,1137.0,1153.0,1.3876843018213356,0,0.34893819999979314,20,17,17,3,1,1,N/A (ILS),N/A (ILS),ok
chao,p7.3.a.txt,0,200007,102,3,6.7,0,0.0,0.0,1,0.008259300000645453,20,0,0,20,1,1,N/A (ILS),N/A (ILS),ok
chao,p7.3.a.txt,1,200008,102,3,6.7,0,0.0,0.0,1,0.008307000000058906,20,0,0,20,5,1,N/A (ILS),N/A (ILS),ok
chao,p7.3.b.txt,0,201007,102,3,13.3,46.0,46.0,0.0,1,0.027124100000037288,20,0,0,20,0,1,N/A (ILS),N/A (ILS),ok
chao,p7.3.b.txt,1,201008,102,3,13.3,46.0,46.0,0.0,1,0.025090699999964272,20,0,0,20,0,1,N/A (ILS),N/A (ILS),ok
chao,p7.3.c.txt,0,202007,102,3,20.0,79.0,79.0,0.0,1,0.03963669999939157,20,0,0,20,0,1,N/A (ILS),N/A (ILS),ok
chao,p7.3.c.txt,1,202008,102,3,20.0,79.0,79.0,0.0,1,0.037102799999956915,20,0,0,20,1,1,N/A (ILS),N/A (ILS),ok
chao,p7.3.d.txt,0,203007,102,3,26.7,117.0,117.0,0.0,1,0.05563669999992271,20,0,0,20,2,1,N/A (ILS),N/A (ILS),ok
chao,p7.3.d.txt,1,203008,102,3,26.7,117.0,117.0,0.0,1,0.05271250000077998,20,0,0,20,0,1,N/A (ILS),N/A (ILS),ok
chao,p7.3.e.txt,0,204007,102,3,33.3,175.0,175.0,0.0,1,0.05902349999996659,20,11,11,9,1,1,N/A (ILS),N/A (ILS),ok
chao,p7.3.e.txt,1,204008,102,3,33.3,165.0,175.0,5.714285714285714,0,0.05732940000052622,20,1,1,19,2,1,N/A (ILS),N/A (ILS),ok
chao,p7.3.f.txt,0,205007,102,3,40.0,247.0,247.0,0.0,1,0.0768142999995689,20,11,11,9,1,1,N/A (ILS),N/A (ILS),ok
chao,p7.3.f.txt,1,205008,102,3,40.0,239.0,247.0,3.2388663967611335,0,0.07320919999983744,20,11,11,9,3,1,N/A (ILS),N/A (ILS),ok
chao,p7.3.g.txt,0,206007,102,3,46.7,344.0,344.0,0.0,1,0.10754509999969741,20,12,12,8,3,1,N/A (ILS),N/A (ILS),ok
chao,p7.3.g.txt,1,206008,102,3,46.7,344.0,344.0,0.0,1,0.1072662999995373,20,3,3,17,1,1,N/A (ILS),N/A (ILS),ok
chao,p7.3.h.txt,0,207007,102,3,53.3,368.0,416.0,11.538461538461538,0,0.11742439999943599,20,10,10,10,0,1,N/A (ILS),N/A (ILS),ok
chao,p7.3.h.txt,1,207008,102,3,53.3,416.0,416.0,0.0,1,0.13483400000041001,20,16,16,4,1,1,N/A (ILS),N/A (ILS),ok
chao,p7.3.i.txt,0,208007,102,3,60.0,471.0,478.0,1.4644351464435146,0,0.15259900000000926,20,15,15,5,2,1,N/A (ILS),N/A (ILS),ok
chao,p7.3.i.txt,1,208008,102,3,60.0,478.0,478.0,0.0,1,0.1675439999999071,20,8,8,12,2,1,N/A (ILS),N/A (ILS),ok
chao,p7.3.j.txt,0,209007,102,3,66.7,551.0,551.0,0.0,1,0.19063069999992877,20,20,20,0,0,1,N/A (ILS),N/A (ILS),ok
chao,p7.3.j.txt,1,209008,102,3,66.7,518.0,551.0,5.9891107078039925,0,0.19028829999933805,20,4,4,16,1,1,N/A (ILS),N/A (ILS),ok
chao,p7.3.k.txt,0,210007,102,3,73.3,582.0,582.0,0.0,1,0.21336890000020503,20,20,20,0,3,1,N/A (ILS),N/A (ILS),ok
chao,p7.3.k.txt,1,210008,102,3,73.3,541.0,582.0,7.0446735395189,0,0.19257159999961004,20,13,13,7,1,1,N/A (ILS),N/A (ILS),ok
chao,p7.3.l.txt,0,211007,102,3,80.0,650.0,669.0,2.8400597907324365,0,0.19992629999978817,20,12,12,8,2,1,N/A (ILS),N/A (ILS),ok
chao,p7.3.l.txt,1,211008,102,3,80.0,669.0,669.0,0.0,1,0.21589899999980844,20,9,9,11,1,1,N/A (ILS),N/A (ILS),ok
chao,p7.3.m.txt,0,212007,102,3,86.7,602.0,717.0,16.03905160390516,0,0.1896444000003612,20,20,20,0,1,1,N/A (ILS),N/A (ILS),ok
chao,p7.3.m.txt,1,212008,102,3,86.7,717.0,717.0,0.0,1,0.24543919999996433,20,14,14,6,0,1,N/A (ILS),N/A (ILS),ok
chao,p7.3.n.txt,0,213007,102,3,93.3,780.0,780.0,0.0,1,0.25359519999983604,20,15,15,5,2,1,N/A (ILS),N/A (ILS),ok
chao,p7.3.n.txt,1,213008,102,3,93.3,774.0,780.0,0.7692307692307693,0,0.2704436000003625,20,20,20,0,3,1,N/A (ILS),N/A (ILS),ok
chao,p7.3.o.txt,0,214007,102,3,100.0,838.0,852.0,1.643192488262911,0,0.2645024999992529,20,15,15,5,1,1,N/A (ILS),N/A (ILS),ok
chao,p7.3.o.txt,1,214008,102,3,100.0,852.0,852.0,0.0,1,0.30827189999945404,20,10,10,10,1,1,N/A (ILS),N/A (ILS),ok
chao,p7.3.p.txt,0,215007,102,3,106.7,861.0,861.0,0.0,1,0.28629689999979746,20,19,19,1,0,1,N/A (ILS),N/A (ILS),ok
chao,p7.3.p.txt,1,215008,102,3,106.7,833.0,861.0,3.2520325203252036,0,0.30767350000041915,20,19,19,1,2,1,N/A (ILS),N/A (ILS),ok
chao,p7.3.q.txt,0,216007,102,3,113.3,874.0,965.0,9.430051813471502,0,0.27747330000056536,20,19,19,1,0,1,N/A (ILS),N/A (ILS),ok
chao,p7.3.q.txt,1,216008,102,3,113.3,965.0,965.0,0.0,1,0.32949509999980364,20,10,10,10,0,1,N/A (ILS),N/A (ILS),ok
chao,p7.3.r.txt,0,217007,102,3,120.0,987.0,1010.0,2.277227722772277,0,0.36558010000044305,20,10,10,10,4,1,N/A (ILS),N/A (ILS),ok
chao,p7.3.r.txt,1,217008,102,3,120.0,1010.0,1010.0,0.0,1,0.3488655999999537,20,20,20,0,1,1,N/A (ILS),N/A (ILS),ok
chao,p7.3.s.txt,0,218007,102,3,126.7,932.0,1040.0,10.384615384615385,0,0.30650150000019494,20,19,19,1,1,1,N/A (ILS),N/A (ILS),ok
chao,p7.3.s.txt,1,218008,102,3,126.7,1040.0,1040.0,0.0,1,0.31941939999978786,20,8,8,12,0,1,N/A (ILS),N/A (ILS),ok
chao,p7.3.t.txt,0,219007,102,3,133.3,1038.0,1084.0,4.243542435424354,0,0.3455764000000272,20,19,19,1,0,1,N/A (ILS),N/A (ILS),ok
chao,p7.3.t.txt,1,219008,102,3,133.3,1084.0,1084.0,0.0,1,0.33691780000026483,20,19,19,1,0,1,N/A (ILS),N/A (ILS),ok
chao,p7.4.a.txt,0,220007,102,4,5.0,0,0.0,0.0,1,0.00951359999999113,20,0,0,20,2,1,N/A (ILS),N/A (ILS),ok
chao,p7.4.a.txt,1,220008,102,4,5.0,0,0.0,0.0,1,0.009505399999397923,20,0,0,20,1,1,N/A (ILS),N/A (ILS),ok
chao,p7.4.b.txt,0,221007,102,4,10.0,30.0,30.0,0.0,1,0.029004900000472844,20,0,0,20,3,1,N/A (ILS),N/A (ILS),ok
chao,p7.4.b.txt,1,221008,102,4,10.0,30.0,30.0,0.0,1,0.028373399999509274,20,0,0,20,4,1,N/A (ILS),N/A (ILS),ok
chao,p7.4.c.txt,0,222007,102,4,15.0,46.0,46.0,0.0,1,0.03244890000041778,20,0,0,20,1,1,N/A (ILS),N/A (ILS),ok
chao,p7.4.c.txt,1,222008,102,4,15.0,46.0,46.0,0.0,1,0.03691340000023047,20,0,0,20,0,1,N/A (ILS),N/A (ILS),ok
chao,p7.4.d.txt,0,223007,102,4,20.0,79.0,79.0,0.0,1,0.045404899999994086,20,0,0,20,4,1,N/A (ILS),N/A (ILS),ok
chao,p7.4.d.txt,1,223008,102,4,20.0,79.0,79.0,0.0,1,0.04585990000032325,20,0,0,20,1,1,N/A (ILS),N/A (ILS),ok
chao,p7.4.e.txt,0,224007,102,4,25.0,123.0,123.0,0.0,1,0.06398540000009234,20,0,0,20,0,1,N/A (ILS),N/A (ILS),ok
chao,p7.4.e.txt,1,224008,102,4,25.0,123.0,123.0,0.0,1,0.057720000000699656,20,0,0,20,0,1,N/A (ILS),N/A (ILS),ok
chao,p7.4.f.txt,0,225007,102,4,30.0,158.0,164.0,3.6585365853658534,0,0.07107960000030289,20,7,7,13,4,1,N/A (ILS),N/A (ILS),ok
chao,p7.4.f.txt,1,225008,102,4,30.0,164.0,164.0,0.0,1,0.07459329999983311,20,0,0,20,3,1,N/A (ILS),N/A (ILS),ok
chao,p7.4.g.txt,0,226007,102,4,35.0,202.0,206.0,1.9417475728155338,0,0.09189909999986412,20,2,2,18,3,1,N/A (ILS),N/A (ILS),ok
chao,p7.4.g.txt,1,226008,102,4,35.0,206.0,206.0,0.0,1,0.07798600000023725,20,1,1,19,1,1,N/A (ILS),N/A (ILS),ok
chao,p7.4.h.txt,0,227007,102,4,40.0,285.0,285.0,0.0,1,0.09806449999996403,20,17,17,3,2,1,N/A (ILS),N/A (ILS),ok
chao,p7.4.h.txt,1,227008,102,4,40.0,285.0,285.0,0.0,1,0.11298569999962638,20,13,13,7,2,1,N/A (ILS),N/A (ILS),ok
chao,p7.4.i.txt,0,228007,102,4,45.0,349.0,351.0,0.5698005698005698,0,0.13219320000007428,20,1,1,19,2,1,N/A (ILS),N/A (ILS),ok
chao,p7.4.i.txt,1,228008,102,4,45.0,351.0,351.0,0.0,1,0.14097549999951298,20,9,9,11,1,1,N/A (ILS),N/A (ILS),ok
chao,p7.4.j.txt,0,229007,102,4,50.0,450.0,450.0,0.0,1,0.1528662999999142,20,6,6,14,2,1,N/A (ILS),N/A (ILS),ok
chao,p7.4.j.txt,1,229008,102,4,50.0,448.0,450.0,0.4444444444444444,0,0.16968329999963316,20,20,20,0,0,1,N/A (ILS),N/A (ILS),ok
chao,p7.4.k.txt,0,230007,102,4,55.0,503.0,508.0,0.984251968503937,0,0.1693568000000596,20,7,7,13,2,1,N/A (ILS),N/A (ILS),ok
chao,p7.4.k.txt,1,230008,102,4,55.0,508.0,508.0,0.0,1,0.20615129999987403,20,10,10,10,1,1,N/A (ILS),N/A (ILS),ok
chao,p7.4.l.txt,0,231007,102,4,60.0,534.0,544.0,1.8382352941176472,0,0.21315060000051744,20,6,6,14,1,1,N/A (ILS),N/A (ILS),ok
chao,p7.4.l.txt,1,231008,102,4,60.0,544.0,544.0,0.0,1,0.1942018999998254,20,10,10,10,1,1,N/A (ILS),N/A (ILS),ok
chao,p7.4.m.txt,0,232007,102,4,65.0,597.0,610.0,2.1311475409836063,0,0.2198179999995773,20,13,13,7,0,1,N/A (ILS),N/A (ILS),ok
chao,p7.4.m.txt,1,232008,102,4,65.0,610.0,610.0,0.0,1,0.21525709999968967,20,12,12,8,2,1,N/A (ILS),N/A (ILS),ok
chao,p7.4.n.txt,0,233007,102,4,70.0,667.0,686.0,2.7696793002915454,0,0.26257280000027095,20,1,1,19,1,1,N/A (ILS),N/A (ILS),ok
chao,p7.4.n.txt,1,233008,102,4,70.0,686.0,686.0,0.0,1,0.3195136000003913,20,16,16,4,0,1,N/A (ILS),N/A (ILS),ok
chao,p7.4.o.txt,0,234007,102,4,75.0,727.0,743.0,2.1534320323014806,0,0.3258819000002404,20,10,10,10,1,1,N/A (ILS),N/A (ILS),ok
chao,p7.4.o.txt,1,234008,102,4,75.0,743.0,743.0,0.0,1,0.2644786999999269,20,20,20,0,1,1,N/A (ILS),N/A (ILS),ok
chao,p7.4.p.txt,0,235007,102,4,80.0,801.0,801.0,0.0,1,0.29846379999980854,20,5,5,15,0,1,N/A (ILS),N/A (ILS),ok
chao,p7.4.p.txt,1,235008,102,4,80.0,782.0,801.0,2.3720349563046192,0,0.3088467999996283,20,8,8,12,2,1,N/A (ILS),N/A (ILS),ok
chao,p7.4.q.txt,0,236007,102,4,85.0,826.0,868.0,4.838709677419355,0,0.32199469999977737,20,20,20,0,1,1,N/A (ILS),N/A (ILS),ok
chao,p7.4.q.txt,1,236008,102,4,85.0,868.0,868.0,0.0,1,0.3152350000000297,20,8,8,12,1,1,N/A (ILS),N/A (ILS),ok
chao,p7.4.r.txt,0,237007,102,4,90.0,898.0,898.0,0.0,1,0.353402300000198,20,19,19,1,1,1,N/A (ILS),N/A (ILS),ok
chao,p7.4.r.txt,1,237008,102,4,90.0,868.0,898.0,3.34075723830735,0,0.3307733999999982,20,13,13,7,1,1,N/A (ILS),N/A (ILS),ok
chao,p7.4.s.txt,0,238007,102,4,95.0,969.0,969.0,0.0,1,0.3447448999995686,20,18,18,2,0,1,N/A (ILS),N/A (ILS),ok
chao,p7.4.s.txt,1,238008,102,4,95.0,965.0,969.0,0.41279669762641896,0,0.34152439999979833,20,19,19,1,0,1,N/A (ILS),N/A (ILS),ok
chao,p7.4.t.txt,0,239007,102,4,100.0,1012.0,1012.0,0.0,1,0.3518508999995902,20,12,12,8,1,1,N/A (ILS),N/A (ILS),ok
chao,p7.4.t.txt,1,239008,102,4,100.0,970.0,1012.0,4.150197628458498,0,0.34159379999982775,20,19,19,1,0,1,N/A (ILS),N/A (ILS),ok
dang,bier127_gen1_m2.txt,0,7,128,2,29570.5,101.0,101.0,0.0,1,0.7297485999997662,20,11,11,9,3,1,N/A (ILS),N/A (ILS),ok
dang,bier127_gen1_m2.txt,1,8,128,2,29570.5,101.0,101.0,0.0,1,0.7117030999997951,20,20,20,0,2,1,N/A (ILS),N/A (ILS),ok
dang,bier127_gen1_m3.txt,0,1007,128,3,19713.7,97.0,97.0,0.0,1,0.7064711000002717,20,7,7,13,0,1,N/A (ILS),N/A (ILS),ok
dang,bier127_gen1_m3.txt,1,1008,128,3,19713.7,94.0,97.0,3.0927835051546393,0,0.7197982000006959,20,6,6,14,1,1,N/A (ILS),N/A (ILS),ok
dang,bier127_gen2_m2.txt,0,2007,128,2,29570.5,5140.0,5354.0,3.997011580127008,0,0.7220218000002205,20,19,19,1,2,1,N/A (ILS),N/A (ILS),ok
dang,bier127_gen2_m2.txt,1,2008,128,2,29570.5,5354.0,5354.0,0.0,1,0.7795577999995658,20,17,17,3,0,1,N/A (ILS),N/A (ILS),ok
dang,bier127_gen2_m3.txt,0,3007,128,3,19713.7,5013.0,5013.0,0.0,1,0.7327181999999084,20,15,15,5,1,1,N/A (ILS),N/A (ILS),ok
dang,bier127_gen2_m3.txt,1,3008,128,3,19713.7,4952.0,5013.0,1.2168362258128866,0,0.6875759000004109,20,12,12,8,1,1,N/A (ILS),N/A (ILS),ok
dang,bier127_gen2_m4.txt,0,4007,128,4,14785.2,4670.0,4820.0,3.112033195020747,0,0.7600976000003357,20,20,20,0,3,1,N/A (ILS),N/A (ILS),ok
dang,bier127_gen2_m4.txt,1,4008,128,4,14785.2,4820.0,4820.0,0.0,1,0.7646660000000338,20,20,20,0,1,1,N/A (ILS),N/A (ILS),ok
dang,bier127_gen3_m2.txt,0,5007,128,2,29570.5,2681.0,2681.0,0.0,1,0.7637239000005138,20,13,13,7,2,1,N/A (ILS),N/A (ILS),ok
dang,bier127_gen3_m2.txt,1,5008,128,2,29570.5,2664.0,2681.0,0.6340917568071615,0,0.7101125999997748,20,17,17,3,0,1,N/A (ILS),N/A (ILS),ok
dang,bier127_gen3_m3.txt,0,6007,128,3,19713.7,2404.0,2404.0,0.0,1,0.7528124999998909,20,9,9,11,0,1,N/A (ILS),N/A (ILS),ok
dang,bier127_gen3_m3.txt,1,6008,128,3,19713.7,2336.0,2404.0,2.828618968386023,0,0.7310974000001806,20,17,17,3,1,1,N/A (ILS),N/A (ILS),ok
dang,bier127_gen3_m4.txt,0,7007,128,4,14785.2,2078.0,2109.0,1.469890943575154,0,0.727853999999752,20,19,19,1,3,1,N/A (ILS),N/A (ILS),ok
dang,bier127_gen3_m4.txt,1,7008,128,4,14785.2,2109.0,2109.0,0.0,1,0.7076094999993074,20,17,17,3,0,1,N/A (ILS),N/A (ILS),ok
dang,cmt101c_m3.txt,0,8007,102,3,126.33,1230.0,1230.0,0.0,1,0.37460729999929754,20,6,6,14,0,1,N/A (ILS),N/A (ILS),ok
dang,cmt101c_m3.txt,1,8008,102,3,126.33,1210.0,1230.0,1.6260162601626018,0,0.3633101000004899,20,14,14,6,2,1,N/A (ILS),N/A (ILS),ok
dang,cmt151b_m3.txt,0,9007,152,3,116.67,1303.0,1303.0,0.0,1,0.7861072999994576,20,14,14,6,0,1,N/A (ILS),N/A (ILS),ok
dang,cmt151b_m3.txt,1,9008,152,3,116.67,1262.0,1303.0,3.1465848042977744,0,0.8315691999996488,20,9,9,11,1,1,N/A (ILS),N/A (ILS),ok
dang,cmt151c_m2.txt,0,10007,152,2,262.5,1823.0,1861.0,2.0419129500268673,0,1.1341550000006464,20,16,16,4,0,1,N/A (ILS),N/A (ILS),ok
dang,cmt151c_m2.txt,1,10008,152,2,262.5,1861.0,1861.0,0.0,1,1.1587858000002598,20,20,20,0,2,1,N/A (ILS),N/A (ILS),ok
dang,cmt151c_m3.txt,0,11007,152,3,175.0,1772.0,1773.0,0.05640157924421885,0,1.193468500000563,20,20,20,0,1,1,N/A (ILS),N/A (ILS),ok
dang,cmt151c_m3.txt,1,11008,152,3,175.0,1773.0,1773.0,0.0,1,1.0944469999994908,20,19,19,1,0,1,N/A (ILS),N/A (ILS),ok
dang,cmt151c_m4.txt,0,12007,152,4,131.25,1680.0,1680.0,0.0,1,1.1412873999997828,20,16,16,4,1,1,N/A (ILS),N/A (ILS),ok
dang,cmt151c_m4.txt,1,12008,152,4,131.25,1671.0,1680.0,0.5357142857142857,0,1.1420411999997668,20,17,17,3,1,1,N/A (ILS),N/A (ILS),ok
dang,cmt200b_m2.txt,0,13007,201,2,191.0,1856.0,2007.0,7.52366716492277,0,2.3340727000004335,20,10,10,10,1,1,N/A (ILS),N/A (ILS),ok
dang,cmt200b_m2.txt,1,13008,201,2,191.0,2007.0,2007.0,0.0,1,2.08849519999967,20,19,19,1,0,1,N/A (ILS),N/A (ILS),ok
dang,cmt200b_m3.txt,0,14007,201,3,127.33,1868.0,1872.0,0.2136752136752137,0,2.265445200000613,20,17,17,3,1,1,N/A (ILS),N/A (ILS),ok
dang,cmt200b_m3.txt,1,14008,201,3,127.33,1872.0,1872.0,0.0,1,2.098261000000093,20,18,18,2,2,1,N/A (ILS),N/A (ILS),ok
dang,cmt200b_m4.txt,0,15007,201,4,95.5,1558.0,1692.0,7.919621749408984,0,1.7016419000001406,20,20,20,0,2,1,N/A (ILS),N/A (ILS),ok
dang,cmt200b_m4.txt,1,15008,201,4,95.5,1692.0,1692.0,0.0,1,1.8099813999997423,20,20,20,0,0,1,N/A (ILS),N/A (ILS),ok
dang,cmt200c_m2.txt,0,16007,201,2,286.5,2709.0,2721.0,0.4410143329658214,0,2.99577920000047,20,16,16,4,1,1,N/A (ILS),N/A (ILS),ok
dang,cmt200c_m2.txt,1,16008,201,2,286.5,2721.0,2721.0,0.0,1,2.810252799999944,20,17,17,3,0,1,N/A (ILS),N/A (ILS),ok
dang,cmt200c_m3.txt,0,17007,201,3,191.0,2547.0,2547.0,0.0,1,2.5260576999999103,20,20,20,0,2,1,N/A (ILS),N/A (ILS),ok
dang,cmt200c_m3.txt,1,17008,201,3,191.0,2467.0,2547.0,3.1409501374165685,0,2.4564282000001185,20,19,19,1,0,1,N/A (ILS),N/A (ILS),ok
dang,cmt200c_m4.txt,0,18007,201,4,143.25,2342.0,2342.0,0.0,1,2.4575887000000876,20,20,20,0,0,1,N/A (ILS),N/A (ILS),ok
dang,cmt200c_m4.txt,1,18008,201,4,143.25,2301.0,2342.0,1.7506404782237404,0,2.513180199999624,20,6,6,14,0,1,N/A (ILS),N/A (ILS),ok
dang,eil101b_m3.txt,0,19007,102,3,105.0,876.0,904.0,3.0973451327433628,0,0.31016209999961575,20,17,17,3,3,1,N/A (ILS),N/A (ILS),ok
dang,eil101b_m3.txt,1,19008,102,3,105.0,904.0,904.0,0.0,1,0.2843917000000147,20,19,19,1,1,1,N/A (ILS),N/A (ILS),ok
dang,eil101c_m2.txt,0,20007,102,2,236.0,1291.0,1291.0,0.0,1,0.3886615999999776,20,11,11,9,3,1,N/A (ILS),N/A (ILS),ok
dang,eil101c_m2.txt,1,20008,102,2,236.0,1263.0,1291.0,2.168861347792409,0,0.37904840000010154,20,16,16,4,0,1,N/A (ILS),N/A (ILS),ok
dang,eil101c_m3.txt,0,21007,102,3,157.33,1216.0,1216.0,0.0,1,0.41562079999948764,20,20,20,0,0,1,N/A (ILS),N/A (ILS),ok
dang,eil101c_m3.txt,1,21008,102,3,157.33,1184.0,1216.0,2.631578947368421,0,0.36254900000039925,20,12,12,8,2,1,N/A (ILS),N/A (ILS),ok
dang,gil262_gen1_m3.txt,0,22007,263,3,396.333,84.0,84.0,0.0,1,2.312025899999753,20,16,16,4,1,1,N/A (ILS),N/A (ILS),ok
dang,gil262_gen1_m3.txt,1,22008,263,3,396.333,79.0,84.0,5.952380952380952,0,1.8786508999992293,20,14,14,6,0,1,N/A (ILS),N/A (ILS),ok
dang,gil262_gen1_m4.txt,0,23007,263,4,297.25,73.0,73.0,0.0,1,2.2642063000002963,20,16,16,4,1,1,N/A (ILS),N/A (ILS),ok
dang,gil262_gen1_m4.txt,1,23008,263,4,297.25,73.0,73.0,0.0,1,2.059774800000014,20,17,17,3,1,1,N/A (ILS),N/A (ILS),ok
dang,gil262_gen2_m2.txt,0,24007,263,2,594.5,6414.0,6664.0,3.751500600240096,0,3.0195174999998926,20,19,19,1,2,1,N/A (ILS),N/A (ILS),ok
dang,gil262_gen2_m2.txt,1,24008,263,2,594.5,6664.0,6664.0,0.0,1,3.1615694000001895,20,19,19,1,0,1,N/A (ILS),N/A (ILS),ok
dang,gil262_gen2_m3.txt,0,25007,263,3,396.333,5028.0,5028.0,0.0,1,2.503668400000606,20,19,19,1,0,1,N/A (ILS),N/A (ILS),ok
dang,gil262_gen2_m3.txt,1,25008,263,3,396.333,4823.0,5028.0,4.0771678599840895,0,2.476148899999316,20,20,20,0,1,1,N/A (ILS),N/A (ILS),ok
dang,gil262_gen3_m2.txt,0,26007,263,2,594.5,5894.0,6188.0,4.751131221719457,0,4.457423200000449,20,18,18,2,2,1,N/A (ILS),N/A (ILS),ok
dang,gil262_gen3_m2.txt,1,26008,263,2,594.5,6188.0,6188.0,0.0,1,4.121791200000189,20,20,20,0,0,1,N/A (ILS),N/A (ILS),ok
dang,gil262_gen3_m4.txt,0,27007,263,4,297.25,2119.0,2319.0,8.624407072013799,0,2.3246373000001768,20,7,7,13,0,1,N/A (ILS),N/A (ILS),ok
dang,gil262_gen3_m4.txt,1,27008,263,4,297.25,2319.0,2319.0,0.0,1,2.388358700000026,20,20,20,0,1,1,N/A (ILS),N/A (ILS),ok
dang,gil262a_m2.txt,0,28007,251,2,297.5,3743.0,3884.0,3.6302780638516996,0,1.669024700000591,20,14,14,6,4,1,N/A (ILS),N/A (ILS),ok
dang,gil262a_m2.txt,1,28008,251,2,297.5,3884.0,3884.0,0.0,1,1.756572000000233,20,19,19,1,0,1,N/A (ILS),N/A (ILS),ok
dang,gil262a_m4.txt,0,29007,251,4,148.75,2944.0,2944.0,0.0,1,1.5073088999997708,20,15,15,5,3,1,N/A (ILS),N/A (ILS),ok
dang,gil262a_m4.txt,1,29008,251,4,148.75,2599.0,2944.0,11.71875,0,1.0767217000002347,20,18,18,2,4,1,N/A (ILS),N/A (ILS),ok
dang,gil262b_m2.txt,0,30007,251,2,594.5,7076.0,7450.0,5.02013422818792,0,3.4761087999995652,20,17,17,3,1,1,N/A (ILS),N/A (ILS),ok
dang,gil262b_m2.txt,1,30008,251,2,594.5,7450.0,7450.0,0.0,1,3.379851900000176,20,6,6,14,0,1,N/A (ILS),N/A (ILS),ok
dang,gil262b_m3.txt,0,31007,251,3,396.33,6724.0,6724.0,0.0,1,3.0246430999995937,20,14,14,6,2,1,N/A (ILS),N/A (ILS),ok
dang,gil262b_m3.txt,1,31008,251,3,396.33,6145.0,6724.0,8.610945865556216,0,2.9749603000000207,20,20,20,0,0,1,N/A (ILS),N/A (ILS),ok
dang,gil262b_m4.txt,0,32007,251,4,297.25,5840.0,5910.0,1.1844331641285957,0,2.7211039999992863,20,16,16,4,1,1,N/A (ILS),N/A (ILS),ok
dang,gil262b_m4.txt,1,32008,251,4,297.25,5910.0,5910.0,0.0,1,2.7452697999997326,20,10,10,10,1,1,N/A (ILS),N/A (ILS),ok
dang,gil262c_m2.txt,0,33007,251,2,892.0,10238.0,10238.0,0.0,1,4.892477399999734,20,20,20,0,1,1,N/A (ILS),N/A (ILS),ok
dang,gil262c_m2.txt,1,33008,251,2,892.0,10167.0,10238.0,0.6934948232076578,0,5.05470989999958,20,19,19,1,2,1,N/A (ILS),N/A (ILS),ok
dang,gil262c_m3.txt,0,34007,251,3,594.67,8991.0,9350.0,3.8395721925133692,0,4.496467900000425,20,19,19,1,2,1,N/A (ILS),N/A (ILS),ok
dang,gil262c_m3.txt,1,34008,251,3,594.67,9350.0,9350.0,0.0,1,4.127918600000157,20,20,20,0,0,1,N/A (ILS),N/A (ILS),ok
dang,gil262c_m4.txt,0,35007,251,4,446.0,8694.0,8694.0,0.0,1,4.460302200000115,20,20,20,0,0,1,N/A (ILS),N/A (ILS),ok
dang,gil262c_m4.txt,1,35008,251,4,446.0,8157.0,8694.0,6.176673567977916,0,4.200014799999735,20,20,20,0,0,1,N/A (ILS),N/A (ILS),ok
dang,gr229_gen1_m4.txt,0,36007,230,4,441.25,216.0,216.0,0.0,1,3.7253106999996817,20,7,7,13,2,1,N/A (ILS),N/A (ILS),ok
dang,gr229_gen1_m4.txt,1,36008,230,4,441.25,215.0,216.0,0.4629629629629629,0,3.567619299999933,20,11,11,9,3,1,N/A (ILS),N/A (ILS),ok
dang,gr229_gen2_m3.txt,0,37007,230,3,588.333,11120.0,11120.0,0.0,1,4.035913400000027,20,0,0,20,4,1,N/A (ILS),N/A (ILS),ok
dang,gr229_gen2_m3.txt,1,37008,230,3,588.333,11120.0,11120.0,0.0,1,3.9185216999994736,20,0,0,20,3,1,N/A (ILS),N/A (ILS),ok
dang,gr229_gen2_m4.txt,0,38007,230,4,441.25,11074.0,11083.0,0.08120544978796355,0,3.633414200000516,20,18,18,2,0,1,N/A (ILS),N/A (ILS),ok
dang,gr229_gen2_m4.txt,1,38008,230,4,441.25,11083.0,11083.0,0.0,1,3.522470100000646,20,13,13,7,0,1,N/A (ILS),N/A (ILS),ok
dang,gr229_gen3_m3.txt,0,39007,230,3,588.333,7355.0,7355.0,0.0,1,3.676669999999831,20,1,1,19,1,1,N/A (ILS),N/A (ILS),ok
dang,gr229_gen3_m3.txt,1,39008,230,3,588.333,7355.0,7355.0,0.0,1,4.148998899999242,20,0,0,20,2,1,N/A (ILS),N/A (ILS),ok
dang,gr229_gen3_m4.txt,0,40007,230,4,441.25,7355.0,7355.0,0.0,1,3.4858180000001084,20,18,18,2,2,1,N/A (ILS),N/A (ILS),ok
dang,gr229_gen3_m4.txt,1,40008,230,4,441.25,7355.0,7355.0,0.0,1,3.694826099999773,20,8,8,12,1,1,N/A (ILS),N/A (ILS),ok
dang,kroA150_gen2_m2.txt,0,41007,151,2,6631.0,4086.0,4187.0,2.4122283257702413,0,0.71720329999971,20,6,6,14,2,1,N/A (ILS),N/A (ILS),ok
dang,kroA150_gen2_m2.txt,1,41008,151,2,6631.0,4187.0,4187.0,0.0,1,0.7407726000001276,20,8,8,12,1,1,N/A (ILS),N/A (ILS),ok
dang,kroA150_gen3_m3.txt,0,42007,151,3,4420.67,2173.0,2203.0,1.3617793917385383,0,0.5907250000000204,20,20,20,0,1,1,N/A (ILS),N/A (ILS),ok
dang,kroA150_gen3_m3.txt,1,42008,151,3,4420.67,2203.0,2203.0,0.0,1,0.5022904999996172,20,17,17,3,1,1,N/A (ILS),N/A (ILS),ok
dang,kroA200_gen1_m4.txt,0,43007,201,4,3671.0,73.0,76.0,3.9473684210526314,0,1.0974399999995512,20,19,19,1,0,1,N/A (ILS),N/A (ILS),ok
dang,kroA200_gen1_m4.txt,1,43008,201,4,3671.0,76.0,76.0,0.0,1,1.128489100000479,20,18,18,2,1,1,N/A (ILS),N/A (ILS),ok
dang,kroB200_gen1_m2.txt,0,44007,201,2,7359.5,93.0,99.0,6.0606060606060606,0,1.3781499999995503,20,15,15,5,0,1,N/A (ILS),N/A (ILS),ok
dang,kroB200_gen1_m2.txt,1,44008,201,2,7359.5,99.0,99.0,0.0,1,1.6418877999994947,20,3,3,17,0,1,N/A (ILS),N/A (ILS),ok
dang,kroB200_gen2_m2.txt,0,45007,201,2,7359.5,5607.0,5607.0,0.0,1,1.5893166000005294,20,15,15,5,1,1,N/A (ILS),N/A (ILS),ok
dang,kroB200_gen2_m2.txt,1,45008,201,2,7359.5,5181.0,5607.0,7.597645799892991,0,1.5394965999994383,20,20,20,0,1,1,N/A (ILS),N/A (ILS),ok
dang,kroB200_gen2_m4.txt,0,46007,201,4,3679.75,4141.0,4141.0,0.0,1,1.2061824000002161,20,19,19,1,2,1,N/A (ILS),N/A (ILS),ok
dang,kroB200_gen2_m4.txt,1,46008,201,4,3679.75,4079.0,4141.0,1.4972228930210094,0,1.1958573000001707,20,14,14,6,2,1,N/A (ILS),N/A (ILS),ok
dang,kroB200_gen3_m2.txt,0,47007,201,2,7359.5,3189.0,3189.0,0.0,1,1.8996759000001475,20,19,19,1,1,1,N/A (ILS),N/A (ILS),ok
dang,kroB200_gen3_m2.txt,1,47008,201,2,7359.5,2930.0,3189.0,8.121668234556287,0,1.855020300000433,20,18,18,2,0,1,N/A (ILS),N/A (ILS),ok
dang,kroB200_gen3_m3.txt,0,48007,201,3,4906.33,2565.0,2565.0,0.0,1,1.673882699999922,20,19,19,1,0,1,N/A (ILS),N/A (ILS),ok
dang,kroB200_gen3_m3.txt,1,48008,201,3,4906.33,2230.0,2565.0,13.060428849902534,0,1.870017100000041,20,20,20,0,0,1,N/A (ILS),N/A (ILS),ok
dang,lin318_gen1_m2.txt,0,49007,319,2,10522.5,159.0,159.0,0.0,1,6.6285325000008015,20,13,13,7,0,1,N/A (ILS),N/A (ILS),ok
dang,lin318_gen1_m2.txt,1,49008,319,2,10522.5,152.0,159.0,4.40251572327044,0,6.200526599999648,20,18,18,2,2,1,N/A (ILS),N/A (ILS),ok
dang,lin318_gen1_m3.txt,0,50007,319,3,7015.0,128.0,128.0,0.0,1,5.439543300000878,20,14,14,6,0,1,N/A (ILS),N/A (ILS),ok
dang,lin318_gen1_m3.txt,1,50008,319,3,7015.0,127.0,128.0,0.78125,0,4.728123999999298,20,18,18,2,4,1,N/A (ILS),N/A (ILS),ok
dang,lin318_gen2_m2.txt,0,51007,319,2,10522.5,8191.0,8191.0,0.0,1,6.7217957000011666,20,19,19,1,0,1,N/A (ILS),N/A (ILS),ok
dang,lin318_gen2_m2.txt,1,51008,319,2,10522.5,8116.0,8191.0,0.9156391161030399,0,6.224157799999375,20,12,12,8,0,1,N/A (ILS),N/A (ILS),ok
dang,lin318_gen2_m3.txt,0,52007,319,3,7015.0,7102.0,7102.0,0.0,1,5.492081999998845,20,14,14,6,2,1,N/A (ILS),N/A (ILS),ok
dang,lin318_gen2_m3.txt,1,52008,319,3,7015.0,6590.0,7102.0,7.209236834694452,0,5.113798399999723,20,19,19,1,0,1,N/A (ILS),N/A (ILS),ok
dang,lin318_gen3_m2.txt,0,53007,319,2,10522.5,6270.0,6471.0,3.1061659712563747,0,6.7868235999994795,20,10,10,10,2,1,N/A (ILS),N/A (ILS),ok
dang,lin318_gen3_m2.txt,1,53008,319,2,10522.5,6471.0,6471.0,0.0,1,7.04339280000022,20,17,17,3,0,1,N/A (ILS),N/A (ILS),ok
dang,lin318_gen3_m4.txt,0,54007,319,4,5261.25,2930.0,3367.0,12.978912978912978,0,4.243305899999541,20,4,4,16,2,1,N/A (ILS),N/A (ILS),ok
dang,lin318_gen3_m4.txt,1,54008,319,4,5261.25,3367.0,3367.0,0.0,1,4.432633299998997,20,10,10,10,2,1,N/A (ILS),N/A (ILS),ok
dang,pr136_gen1_m2.txt,0,55007,137,2,24193.0,59.0,59.0,0.0,1,0.4655378000006749,20,7,7,13,2,1,N/A (ILS),N/A (ILS),ok
dang,pr136_gen1_m2.txt,1,55008,137,2,24193.0,58.0,59.0,1.694915254237288,0,0.48131850000027043,20,5,5,15,2,1,N/A (ILS),N/A (ILS),ok
dang,pr136_gen2_m2.txt,0,56007,137,2,24193.0,3540.0,3540.0,0.0,1,0.49286470000151894,20,11,11,9,1,1,N/A (ILS),N/A (ILS),ok
dang,pr136_gen2_m2.txt,1,56008,137,2,24193.0,3487.0,3540.0,1.497175141242938,0,0.4938966999998229,20,10,10,10,0,1,N/A (ILS),N/A (ILS),ok
dang,pr264_gen1_m4.txt,0,57007,265,4,6142.0,85.0,99.0,14.14141414141414,0,2.2902532999996765,20,6,6,14,1,1,N/A (ILS),N/A (ILS),ok
dang,pr264_gen1_m4.txt,1,57008,265,4,6142.0,99.0,99.0,0.0,1,2.81763890000002,20,9,9,11,1,1,N/A (ILS),N/A (ILS),ok
dang,pr264_gen2_m2.txt,0,58007,265,2,12284.0,6486.0,6486.0,0.0,1,3.288845200000651,20,20,20,0,1,1,N/A (ILS),N/A (ILS),ok
dang,pr264_gen2_m2.txt,1,58008,265,2,12284.0,6424.0,6486.0,0.9559050262102992,0,3.440412500000093,20,17,17,3,0,1,N/A (ILS),N/A (ILS),ok
dang,pr264_gen2_m3.txt,0,59007,265,3,8189.33,5750.0,6117.0,5.9996730423410165,0,2.978532900000573,20,9,9,11,0,1,N/A (ILS),N/A (ILS),ok
dang,pr264_gen2_m3.txt,1,59008,265,3,8189.33,6117.0,6117.0,0.0,1,3.1867579000008845,20,8,8,12,1,1,N/A (ILS),N/A (ILS),ok
dang,pr264_gen2_m4.txt,0,60007,265,4,6142.0,5068.0,5068.0,0.0,1,2.915512600000511,20,20,20,0,4,1,N/A (ILS),N/A (ILS),ok
dang,pr264_gen2_m4.txt,1,60008,265,4,6142.0,4960.0,5068.0,2.131018153117601,0,2.832104699999036,20,12,12,8,2,1,N/A (ILS),N/A (ILS),ok
dang,pr264_gen3_m3.txt,0,61007,265,3,8189.33,2430.0,2430.0,0.0,1,3.4542829000001802,20,1,1,19,1,1,N/A (ILS),N/A (ILS),ok
dang,pr264_gen3_m3.txt,1,61008,265,3,8189.33,2430.0,2430.0,0.0,1,3.6717733000004955,20,2,2,18,1,1,N/A (ILS),N/A (ILS),ok
dang,pr299_gen1_m2.txt,0,62007,300,2,12048.0,129.0,129.0,0.0,1,4.054226199999903,20,10,10,10,2,1,N/A (ILS),N/A (ILS),ok
dang,pr299_gen1_m2.txt,1,62008,300,2,12048.0,123.0,129.0,4.651162790697675,0,3.7040651999996044,20,17,17,3,1,1,N/A (ILS),N/A (ILS),ok
dang,pr299_gen1_m3.txt,0,63007,300,3,8032.0,102.0,103.0,0.9708737864077669,0,3.1021292000004905,20,10,10,10,0,1,N/A (ILS),N/A (ILS),ok
dang,pr299_gen1_m3.txt,1,63008,300,3,8032.0,103.0,103.0,0.0,1,2.982829700000366,20,15,15,5,0,1,N/A (ILS),N/A (ILS),ok
dang,pr299_gen1_m4.txt,0,64007,300,4,6024.0,77.0,77.0,0.0,1,2.3432648999987578,20,8,8,12,2,1,N/A (ILS),N/A (ILS),ok
dang,pr299_gen1_m4.txt,1,64008,300,4,6024.0,76.0,77.0,1.2987012987012987,0,2.2155081999990216,20,12,12,8,1,1,N/A (ILS),N/A (ILS),ok
dang,pr299_gen2_m3.txt,0,65007,300,3,8032.0,5546.0,5546.0,0.0,1,3.073578700001235,20,18,18,2,2,1,N/A (ILS),N/A (ILS),ok
dang,pr299_gen2_m3.txt,1,65008,300,3,8032.0,5321.0,5546.0,4.056978002163722,0,2.967901100000745,20,15,15,5,0,1,N/A (ILS),N/A (ILS),ok
dang,pr299_gen2_m4.txt,0,66007,300,4,6024.0,3988.0,4129.0,3.4148704286752243,0,2.2121981000000233,20,9,9,11,3,1,N/A (ILS),N/A (ILS),ok
dang,pr299_gen2_m4.txt,1,66008,300,4,6024.0,4129.0,4129.0,0.0,1,2.3205154000006587,20,16,16,4,2,1,N/A (ILS),N/A (ILS),ok
dang,pr299_gen3_m2.txt,0,67007,300,2,12048.0,4869.0,4987.0,2.3661519951874874,0,4.6809400000001915,20,20,20,0,0,1,N/A (ILS),N/A (ILS),ok
dang,pr299_gen3_m2.txt,1,67008,300,2,12048.0,4987.0,4987.0,0.0,1,5.0987178000013955,20,17,17,3,1,1,N/A (ILS),N/A (ILS),ok
dang,pr299_gen3_m3.txt,0,68007,300,3,8032.0,3144.0,3144.0,0.0,1,3.450358000000051,20,18,18,2,0,1,N/A (ILS),N/A (ILS),ok
dang,pr299_gen3_m3.txt,1,68008,300,3,8032.0,2937.0,3144.0,6.583969465648855,0,3.49941200000103,20,19,19,1,2,1,N/A (ILS),N/A (ILS),ok
dang,pr299_gen3_m4.txt,0,69007,300,4,6024.0,2152.0,2152.0,0.0,1,2.4281121000003623,20,12,12,8,1,1,N/A (ILS),N/A (ILS),ok
dang,pr299_gen3_m4.txt,1,69008,300,4,6024.0,2022.0,2152.0,6.04089219330855,0,2.6098720999998477,20,9,9,11,1,1,N/A (ILS),N/A (ILS),ok
dang,rat195_gen2_m2.txt,0,70007,196,2,581.0,4675.0,4675.0,0.0,1,1.1799088999996457,20,15,15,5,2,1,N/A (ILS),N/A (ILS),ok
dang,rat195_gen2_m2.txt,1,70008,196,2,581.0,4604.0,4675.0,1.5187165775401068,0,1.1621981000007509,20,19,19,1,0,1,N/A (ILS),N/A (ILS),ok
dang,rat195_gen3_m3.txt,0,71007,196,3,387.333,2450.0,2450.0,0.0,1,1.3459882000006473,20,17,17,3,1,1,N/A (ILS),N/A (ILS),ok
dang,rat195_gen3_m3.txt,1,71008,196,3,387.333,2360.0,2450.0,3.6734693877551026,0,1.1811598999993294,20,14,14,6,1,1,N/A (ILS),N/A (ILS),ok
dang,rd400_gen1_m2.txt,0,72007,401,2,3820.5,205.0,206.0,0.48543689320388345,0,13.78372440000021,20,20,20,0,1,1,N/A (ILS),N/A (ILS),ok
dang,rd400_gen1_m2.txt,1,72008,401,2,3820.5,206.0,206.0,0.0,1,14.257961900000737,20,17,17,3,2,1,N/A (ILS),N/A (ILS),ok
dang,rd400_gen1_m3.txt,0,73007,401,3,2547.0,192.0,195.0,1.5384615384615385,0,13.394089800000074,20,18,18,2,1,1,N/A (ILS),N/A (ILS),ok
dang,rd400_gen1_m3.txt,1,73008,401,3,2547.0,195.0,195.0,0.0,1,13.920895600000222,20,20,20,0,1,1,N/A (ILS),N/A (ILS),ok
dang,rd400_gen1_m4.txt,0,74007,401,4,1910.25,192.0,192.0,0.0,1,12.697051799999826,20,20,20,0,2,1,N/A (ILS),N/A (ILS),ok
dang,rd400_gen1_m4.txt,1,74008,401,4,1910.25,180.0,192.0,6.25,0,11.045251900000949,20,20,20,0,0,1,N/A (ILS),N/A (ILS),ok
dang,rd400_gen2_m2.txt,0,75007,401,2,3820.5,11835.0,11835.0,0.0,1,13.534636699998373,20,17,17,3,2,1,N/A (ILS),N/A (ILS),ok
dang,rd400_gen2_m2.txt,1,75008,401,2,3820.5,10571.0,11835.0,10.680185889311366,0,12.169452800000727,20,17,17,3,2,1,N/A (ILS),N/A (ILS),ok
dang,rd400_gen2_m3.txt,0,76007,401,3,2547.0,11073.0,11073.0,0.0,1,13.23303390000001,20,18,18,2,0,1,N/A (ILS),N/A (ILS),ok
dang,rd400_gen2_m3.txt,1,76008,401,3,2547.0,10409.0,11073.0,5.9965682290255575,0,12.478113799999846,20,20,20,0,0,1,N/A (ILS),N/A (ILS),ok
dang,rd400_gen2_m4.txt,0,77007,401,4,1910.25,9829.0,9886.0,0.5765729314181671,0,11.539744100000462,20,20,20,0,0,1,N/A (ILS),N/A (ILS),ok
dang,rd400_gen2_m4.txt,1,77008,401,4,1910.25,9886.0,9886.0,0.0,1,11.35351989999981,20,20,20,0,0,1,N/A (ILS),N/A (ILS),ok
dang,rd400_gen3_m2.txt,0,78007,401,2,3820.5,11044.0,11044.0,0.0,1,14.412641100001565,20,20,20,0,0,1,N/A (ILS),N/A (ILS),ok
dang,rd400_gen3_m2.txt,1,78008,401,2,3820.5,9971.0,11044.0,9.71568272365085,0,15.165389499999947,20,19,19,1,1,1,N/A (ILS),N/A (ILS),ok
dang,rd400_gen3_m3.txt,0,79007,401,3,2547.0,10026.0,10026.0,0.0,1,15.391214199999013,20,12,12,8,0,1,N/A (ILS),N/A (ILS),ok
dang,rd400_gen3_m3.txt,1,79008,401,3,2547.0,9225.0,10026.0,7.989228007181329,0,14.97660679999899,20,20,20,0,1,1,N/A (ILS),N/A (ILS),ok
dang,rd400_gen3_m4.txt,0,80007,401,4,1910.25,7822.0,8412.0,7.013789824060865,0,13.944273999999496,20,13,13,7,0,1,N/A (ILS),N/A (ILS),ok
dang,rd400_gen3_m4.txt,1,80008,401,4,1910.25,8412.0,8412.0,0.0,1,13.103639800001474,20,18,18,2,0,1,N/A (ILS),N/A (ILS),ok
dang,ts225_gen2_m2.txt,0,81007,226,2,31661.0,5213.0,5213.0,0.0,1,2.0517737999998644,20,8,8,12,2,1,N/A (ILS),N/A (ILS),ok
dang,ts225_gen2_m2.txt,1,81008,226,2,31661.0,4851.0,5213.0,6.944178016497219,0,2.085172999999486,20,20,20,0,2,1,N/A (ILS),N/A (ILS),ok
vansteenwegen,bier127_gen1_m2.txt,0,7,128,2,29570.5,101.0,101.0,0.0,1,1.1044597000000067,20,11,11,9,3,1,N/A (ILS),N/A (ILS),ok
vansteenwegen,bier127_gen1_m2.txt,1,8,128,2,29570.5,101.0,101.0,0.0,1,1.2171091999989585,20,20,20,0,2,1,N/A (ILS),N/A (ILS),ok
vansteenwegen,bier127_gen1_m3.txt,0,1007,128,3,19713.7,97.0,97.0,0.0,1,1.1988517999998294,20,7,7,13,0,1,N/A (ILS),N/A (ILS),ok
vansteenwegen,bier127_gen1_m3.txt,1,1008,128,3,19713.7,94.0,97.0,3.0927835051546393,0,1.0257854999999836,20,6,6,14,1,1,N/A (ILS),N/A (ILS),ok
vansteenwegen,bier127_gen2_m2.txt,0,2007,128,2,29570.5,5140.0,5354.0,3.997011580127008,0,1.0743475999988732,20,19,19,1,2,1,N/A (ILS),N/A (ILS),ok
vansteenwegen,bier127_gen2_m2.txt,1,2008,128,2,29570.5,5354.0,5354.0,0.0,1,0.8936921000004077,20,17,17,3,0,1,N/A (ILS),N/A (ILS),ok
vansteenwegen,bier127_gen2_m3.txt,0,3007,128,3,19713.7,5013.0,5013.0,0.0,1,0.8647710000004736,20,15,15,5,1,1,N/A (ILS),N/A (ILS),ok
vansteenwegen,bier127_gen2_m3.txt,1,3008,128,3,19713.7,4952.0,5013.0,1.2168362258128866,0,0.9273310000007768,20,12,12,8,1,1,N/A (ILS),N/A (ILS),ok
vansteenwegen,bier127_gen2_m4.txt,0,4007,128,4,14785.2,4670.0,4820.0,3.112033195020747,0,0.8077709999997751,20,20,20,0,3,1,N/A (ILS),N/A (ILS),ok
vansteenwegen,bier127_gen2_m4.txt,1,4008,128,4,14785.2,4820.0,4820.0,0.0,1,0.8338426999998774,20,20,20,0,1,1,N/A (ILS),N/A (ILS),ok
vansteenwegen,bier127_gen3_m2.txt,0,5007,128,2,29570.5,2681.0,2681.0,0.0,1,0.8879180999992968,20,13,13,7,2,1,N/A (ILS),N/A (ILS),ok
vansteenwegen,bier127_gen3_m2.txt,1,5008,128,2,29570.5,2664.0,2681.0,0.6340917568071615,0,0.8321168999991642,20,17,17,3,0,1,N/A (ILS),N/A (ILS),ok
vansteenwegen,bier127_gen3_m3.txt,0,6007,128,3,19713.7,2404.0,2404.0,0.0,1,0.8036521000012726,20,9,9,11,0,1,N/A (ILS),N/A (ILS),ok
vansteenwegen,bier127_gen3_m3.txt,1,6008,128,3,19713.7,2336.0,2404.0,2.828618968386023,0,0.8311983999992663,20,17,17,3,1,1,N/A (ILS),N/A (ILS),ok
vansteenwegen,bier127_gen3_m4.txt,0,7007,128,4,14785.2,2078.0,2109.0,1.469890943575154,0,0.8569346000003861,20,19,19,1,3,1,N/A (ILS),N/A (ILS),ok
vansteenwegen,bier127_gen3_m4.txt,1,7008,128,4,14785.2,2109.0,2109.0,0.0,1,0.8652983000010863,20,17,17,3,0,1,N/A (ILS),N/A (ILS),ok
vansteenwegen,cmt101c_m3.txt,0,8007,102,3,126.33,1230.0,1230.0,0.0,1,0.40390520000073593,20,6,6,14,0,1,N/A (ILS),N/A (ILS),ok
vansteenwegen,cmt101c_m3.txt,1,8008,102,3,126.33,1210.0,1230.0,1.6260162601626018,0,0.35721079999893846,20,14,14,6,2,1,N/A (ILS),N/A (ILS),ok
vansteenwegen,cmt151b_m3.txt,0,9007,152,3,116.67,1303.0,1303.0,0.0,1,0.9386597999982769,20,14,14,6,0,1,N/A (ILS),N/A (ILS),ok
vansteenwegen,cmt151b_m3.txt,1,9008,152,3,116.67,1262.0,1303.0,3.1465848042977744,0,0.8617732000002434,20,9,9,11,1,1,N/A (ILS),N/A (ILS),ok
vansteenwegen,cmt151c_m2.txt,0,10007,152,2,262.5,1823.0,1861.0,2.0419129500268673,0,1.4016633000010188,20,16,16,4,0,1,N/A (ILS),N/A (ILS),ok
vansteenwegen,cmt151c_m2.txt,1,10008,152,2,262.5,1861.0,1861.0,0.0,1,1.2295231000007334,20,20,20,0,2,1,N/A (ILS),N/A (ILS),ok
vansteenwegen,cmt151c_m3.txt,0,11007,152,3,175.0,1772.0,1773.0,0.05640157924421885,0,1.3167061999993166,20,20,20,0,1,1,N/A (ILS),N/A (ILS),ok
vansteenwegen,cmt151c_m3.txt,1,11008,152,3,175.0,1773.0,1773.0,0.0,1,1.3109236000000237,20,19,19,1,0,1,N/A (ILS),N/A (ILS),ok
vansteenwegen,cmt151c_m4.txt,0,12007,152,4,131.25,1680.0,1680.0,0.0,1,1.2633520999988832,20,16,16,4,1,1,N/A (ILS),N/A (ILS),ok
vansteenwegen,cmt151c_m4.txt,1,12008,152,4,131.25,1671.0,1680.0,0.5357142857142857,0,1.2706624000002193,20,17,17,3,1,1,N/A (ILS),N/A (ILS),ok
vansteenwegen,cmt200b_m2.txt,0,13007,201,2,191.0,1856.0,2007.0,7.52366716492277,0,1.9951395000007324,20,10,10,10,1,1,N/A (ILS),N/A (ILS),ok
vansteenwegen,cmt200b_m2.txt,1,13008,201,2,191.0,2007.0,2007.0,0.0,1,1.9802770000005694,20,19,19,1,0,1,N/A (ILS),N/A (ILS),ok
vansteenwegen,cmt200b_m3.txt,0,14007,201,3,127.33,1868.0,1872.0,0.2136752136752137,0,1.9777636999988317,20,17,17,3,1,1,N/A (ILS),N/A (ILS),ok
vansteenwegen,cmt200b_m3.txt,1,14008,201,3,127.33,1872.0,1872.0,0.0,1,2.1372449999998935,20,18,18,2,2,1,N/A (ILS),N/A (ILS),ok
vansteenwegen,cmt200b_m4.txt,0,15007,201,4,95.5,1558.0,1692.0,7.919621749408984,0,1.7305986999999732,20,20,20,0,2,1,N/A (ILS),N/A (ILS),ok
vansteenwegen,cmt200b_m4.txt,1,15008,201,4,95.5,1692.0,1692.0,0.0,1,1.929623599999104,20,20,20,0,0,1,N/A (ILS),N/A (ILS),ok
vansteenwegen,cmt200c_m2.txt,0,16007,201,2,286.5,2709.0,2721.0,0.4410143329658214,0,2.979016999999658,20,16,16,4,1,1,N/A (ILS),N/A (ILS),ok
vansteenwegen,cmt200c_m2.txt,1,16008,201,2,286.5,2721.0,2721.0,0.0,1,2.8362895999998727,20,17,17,3,0,1,N/A (ILS),N/A (ILS),ok
vansteenwegen,cmt200c_m3.txt,0,17007,201,3,191.0,2547.0,2547.0,0.0,1,2.5400688999998238,20,20,20,0,2,1,N/A (ILS),N/A (ILS),ok
vansteenwegen,cmt200c_m3.txt,1,17008,201,3,191.0,2467.0,2547.0,3.1409501374165685,0,2.774302899999384,20,19,19,1,0,1,N/A (ILS),N/A (ILS),ok
vansteenwegen,cmt200c_m4.txt,0,18007,201,4,143.25,2342.0,2342.0,0.0,1,2.569799200000489,20,20,20,0,0,1,N/A (ILS),N/A (ILS),ok
vansteenwegen,cmt200c_m4.txt,1,18008,201,4,143.25,2301.0,2342.0,1.7506404782237404,0,2.5853864999990037,20,6,6,14,0,1,N/A (ILS),N/A (ILS),ok
vansteenwegen,eil101b_m3.txt,0,19007,102,3,105.0,876.0,904.0,3.0973451327433628,0,0.30701480000061565,20,17,17,3,3,1,N/A (ILS),N/A (ILS),ok
vansteenwegen,eil101b_m3.txt,1,19008,102,3,105.0,904.0,904.0,0.0,1,0.2968593999994482,20,19,19,1,1,1,N/A (ILS),N/A (ILS),ok
vansteenwegen,eil101c_m2.txt,0,20007,102,2,236.0,1291.0,1291.0,0.0,1,0.44359929999882297,20,11,11,9,3,1,N/A (ILS),N/A (ILS),ok
vansteenwegen,eil101c_m2.txt,1,20008,102,2,236.0,1263.0,1291.0,2.168861347792409,0,0.43921620000037365,20,16,16,4,0,1,N/A (ILS),N/A (ILS),ok
vansteenwegen,eil101c_m3.txt,0,21007,102,3,157.33,1216.0,1216.0,0.0,1,0.39775420000114536,20,20,20,0,0,1,N/A (ILS),N/A (ILS),ok
vansteenwegen,eil101c_m3.txt,1,21008,102,3,157.33,1184.0,1216.0,2.631578947368421,0,0.42524819999925967,20,12,12,8,2,1,N/A (ILS),N/A (ILS),ok
vansteenwegen,gil262_gen1_m3.txt,0,22007,263,3,396.333,84.0,84.0,0.0,1,2.4007136000000173,20,16,16,4,1,1,N/A (ILS),N/A (ILS),ok
vansteenwegen,gil262_gen1_m3.txt,1,22008,263,3,396.333,79.0,84.0,5.952380952380952,0,2.1200332999997045,20,14,14,6,0,1,N/A (ILS),N/A (ILS),ok
vansteenwegen,gil262_gen1_m4.txt,0,23007,263,4,297.25,73.0,73.0,0.0,1,1.8704591000005166,20,16,16,4,1,1,N/A (ILS),N/A (ILS),ok
vansteenwegen,gil262_gen1_m4.txt,1,23008,263,4,297.25,73.0,73.0,0.0,1,2.076540500000192,20,17,17,3,1,1,N/A (ILS),N/A (ILS),ok
vansteenwegen,gil262_gen2_m2.txt,0,24007,263,2,594.5,6414.0,6664.0,3.751500600240096,0,3.3499941999998555,20,19,19,1,2,1,N/A (ILS),N/A (ILS),ok
vansteenwegen,gil262_gen2_m2.txt,1,24008,263,2,594.5,6664.0,6664.0,0.0,1,3.6910098000007565,20,19,19,1,0,1,N/A (ILS),N/A (ILS),ok
vansteenwegen,gil262_gen2_m3.txt,0,25007,263,3,396.333,5028.0,5028.0,0.0,1,3.0121622000006028,20,19,19,1,0,1,N/A (ILS),N/A (ILS),ok
vansteenwegen,gil262_gen2_m3.txt,1,25008,263,3,396.333,4823.0,5028.0,4.0771678599840895,0,3.687111900000673,20,20,20,0,1,1,N/A (ILS),N/A (ILS),ok
vansteenwegen,gil262_gen3_m2.txt,0,26007,263,2,594.5,5894.0,6188.0,4.751131221719457,0,5.754093700001249,20,18,18,2,2,1,N/A (ILS),N/A (ILS),ok
vansteenwegen,gil262_gen3_m2.txt,1,26008,263,2,594.5,6188.0,6188.0,0.0,1,5.945014199998695,20,20,20,0,0,1,N/A (ILS),N/A (ILS),ok
vansteenwegen,gil262_gen3_m4.txt,0,27007,263,4,297.25,2119.0,2319.0,8.624407072013799,0,2.196706099999574,20,7,7,13,0,1,N/A (ILS),N/A (ILS),ok
vansteenwegen,gil262_gen3_m4.txt,1,27008,263,4,297.25,2319.0,2319.0,0.0,1,2.198324999999386,20,20,20,0,1,1,N/A (ILS),N/A (ILS),ok
vansteenwegen,gil262a_m2.txt,0,28007,251,2,297.5,3743.0,3884.0,3.6302780638516996,0,1.758577000000514,20,14,14,6,4,1,N/A (ILS),N/A (ILS),ok
vansteenwegen,gil262a_m2.txt,1,28008,251,2,297.5,3884.0,3884.0,0.0,1,1.9919640999996773,20,19,19,1,0,1,N/A (ILS),N/A (ILS),ok
vansteenwegen,gil262a_m4.txt,0,29007,251,4,148.75,2944.0,2944.0,0.0,1,1.310612700001002,20,15,15,5,3,1,N/A (ILS),N/A (ILS),ok
vansteenwegen,gil262a_m4.txt,1,29008,251,4,148.75,2599.0,2944.0,11.71875,0,1.1413899999988644,20,18,18,2,4,1,N/A (ILS),N/A (ILS),ok
vansteenwegen,gil262b_m2.txt,0,30007,251,2,594.5,7076.0,7450.0,5.02013422818792,0,3.724507300001278,20,17,17,3,1,1,N/A (ILS),N/A (ILS),ok
vansteenwegen,gil262b_m2.txt,1,30008,251,2,594.5,7450.0,7450.0,0.0,1,3.6610311000004003,20,6,6,14,0,1,N/A (ILS),N/A (ILS),ok
vansteenwegen,gil262b_m3.txt,0,31007,251,3,396.33,6724.0,6724.0,0.0,1,3.5990374999983032,20,14,14,6,2,1,N/A (ILS),N/A (ILS),ok
vansteenwegen,gil262b_m3.txt,1,31008,251,3,396.33,6145.0,6724.0,8.610945865556216,0,3.2441920999990543,20,20,20,0,0,1,N/A (ILS),N/A (ILS),ok
vansteenwegen,gil262b_m4.txt,0,32007,251,4,297.25,5840.0,5910.0,1.1844331641285957,0,3.1540789999999106,20,16,16,4,1,1,N/A (ILS),N/A (ILS),ok
vansteenwegen,gil262b_m4.txt,1,32008,251,4,297.25,5910.0,5910.0,0.0,1,3.104055200001312,20,10,10,10,1,1,N/A (ILS),N/A (ILS),ok
vansteenwegen,gil262c_m2.txt,0,33007,251,2,892.0,10238.0,10238.0,0.0,1,5.375906200000827,20,20,20,0,1,1,N/A (ILS),N/A (ILS),ok
vansteenwegen,gil262c_m2.txt,1,33008,251,2,892.0,10167.0,10238.0,0.6934948232076578,0,5.293583399999989,20,19,19,1,2,1,N/A (ILS),N/A (ILS),ok
vansteenwegen,gil262c_m3.txt,0,34007,251,3,594.67,8991.0,9350.0,3.8395721925133692,0,4.882222499998534,20,19,19,1,2,1,N/A (ILS),N/A (ILS),ok
vansteenwegen,gil262c_m3.txt,1,34008,251,3,594.67,9350.0,9350.0,0.0,1,4.930724600000758,20,20,20,0,0,1,N/A (ILS),N/A (ILS),ok
vansteenwegen,gil262c_m4.txt,0,35007,251,4,446.0,8694.0,8694.0,0.0,1,4.844082100000378,20,20,20,0,0,1,N/A (ILS),N/A (ILS),ok
vansteenwegen,gil262c_m4.txt,1,35008,251,4,446.0,8157.0,8694.0,6.176673567977916,0,4.562447599999359,20,20,20,0,0,1,N/A (ILS),N/A (ILS),ok
vansteenwegen,gr229_gen1_m4.txt,0,36007,230,4,441.25,216.0,216.0,0.0,1,4.057950299998993,20,7,7,13,2,1,N/A (ILS),N/A (ILS),ok
vansteenwegen,gr229_gen1_m4.txt,1,36008,230,4,441.25,215.0,216.0,0.4629629629629629,0,4.0917759999992995,20,11,11,9,3,1,N/A (ILS),N/A (ILS),ok
vansteenwegen,gr229_gen2_m3.txt,0,37007,230,3,588.333,11120.0,11120.0,0.0,1,4.175095200000214,20,0,0,20,4,1,N/A (ILS),N/A (ILS),ok
vansteenwegen,gr229_gen2_m3.txt,1,37008,230,3,588.333,11120.0,11120.0,0.0,1,4.276408300000185,20,0,0,20,3,1,N/A (ILS),N/A (ILS),ok
vansteenwegen,gr229_gen2_m4.txt,0,38007,230,4,441.25,11074.0,11083.0,0.08120544978796355,0,4.153225800000655,20,18,18,2,0,1,N/A (ILS),N/A (ILS),ok
vansteenwegen,gr229_gen2_m4.txt,1,38008,230,4,441.25,11083.0,11083.0,0.0,1,4.161357800001497,20,13,13,7,0,1,N/A (ILS),N/A (ILS),ok
vansteenwegen,gr229_gen3_m3.txt,0,39007,230,3,588.333,7355.0,7355.0,0.0,1,4.109656800001176,20,1,1,19,1,1,N/A (ILS),N/A (ILS),ok
vansteenwegen,gr229_gen3_m3.txt,1,39008,230,3,588.333,7355.0,7355.0,0.0,1,4.305603400000109,20,0,0,20,2,1,N/A (ILS),N/A (ILS),ok
vansteenwegen,gr229_gen3_m4.txt,0,40007,230,4,441.25,7355.0,7355.0,0.0,1,4.003762599999391,20,18,18,2,2,1,N/A (ILS),N/A (ILS),ok
vansteenwegen,gr229_gen3_m4.txt,1,40008,230,4,441.25,7355.0,7355.0,0.0,1,3.910556599999836,20,8,8,12,1,1,N/A (ILS),N/A (ILS),ok
vansteenwegen,kroA150_gen2_m2.txt,0,41007,151,2,6631.0,4086.0,4187.0,2.4122283257702413,0,0.8751629000016692,20,6,6,14,2,1,N/A (ILS),N/A (ILS),ok
vansteenwegen,kroA150_gen2_m2.txt,1,41008,151,2,6631.0,4187.0,4187.0,0.0,1,0.9109900000003108,20,8,8,12,1,1,N/A (ILS),N/A (ILS),ok
vansteenwegen,kroA150_gen3_m3.txt,0,42007,151,3,4420.67,2173.0,2203.0,1.3617793917385383,0,0.6521229999998468,20,20,20,0,1,1,N/A (ILS),N/A (ILS),ok
vansteenwegen,kroA150_gen3_m3.txt,1,42008,151,3,4420.67,2203.0,2203.0,0.0,1,0.6368480000001,20,17,17,3,1,1,N/A (ILS),N/A (ILS),ok
vansteenwegen,kroA200_gen1_m4.txt,0,43007,201,4,3671.0,73.0,76.0,3.9473684210526314,0,1.3459646999999677,20,19,19,1,0,1,N/A (ILS),N/A (ILS),ok
vansteenwegen,kroA200_gen1_m4.txt,1,43008,201,4,3671.0,76.0,76.0,0.0,1,1.9558151999990514,20,18,18,2,1,1,N/A (ILS),N/A (ILS),ok
vansteenwegen,kroB200_gen1_m2.txt,0,44007,201,2,7359.5,93.0,99.0,6.0606060606060606,0,1.7790963999996166,20,15,15,5,0,1,N/A (ILS),N/A (ILS),ok
vansteenwegen,kroB200_gen1_m2.txt,1,44008,201,2,7359.5,99.0,99.0,0.0,1,1.7925191000013,20,3,3,17,0,1,N/A (ILS),N/A (ILS),ok
vansteenwegen,kroB200_gen2_m2.txt,0,45007,201,2,7359.5,5607.0,5607.0,0.0,1,1.8441892999999254,20,15,15,5,1,1,N/A (ILS),N/A (ILS),ok
vansteenwegen,kroB200_gen2_m2.txt,1,45008,201,2,7359.5,5181.0,5607.0,7.597645799892991,0,1.7735499999998865,20,20,20,0,1,1,N/A (ILS),N/A (ILS),ok
vansteenwegen,kroB200_gen2_m4.txt,0,46007,201,4,3679.75,4141.0,4141.0,0.0,1,1.2787119000004168,20,19,19,1,2,1,N/A (ILS),N/A (ILS),ok
vansteenwegen,kroB200_gen2_m4.txt,1,46008,201,4,3679.75,4079.0,4141.0,1.4972228930210094,0,1.4247604000011052,20,14,14,6,2,1,N/A (ILS),N/A (ILS),ok
vansteenwegen,kroB200_gen3_m2.txt,0,47007,201,2,7359.5,3189.0,3189.0,0.0,1,1.8989018000011129,20,19,19,1,1,1,N/A (ILS),N/A (ILS),ok
vansteenwegen,kroB200_gen3_m2.txt,1,47008,201,2,7359.5,2930.0,3189.0,8.121668234556287,0,1.7563314999988506,20,18,18,2,0,1,N/A (ILS),N/A (ILS),ok
vansteenwegen,kroB200_gen3_m3.txt,0,48007,201,3,4906.33,2565.0,2565.0,0.0,1,1.7287625999997545,20,19,19,1,0,1,N/A (ILS),N/A (ILS),ok
vansteenwegen,kroB200_gen3_m3.txt,1,48008,201,3,4906.33,2230.0,2565.0,13.060428849902534,0,1.6633531999996194,20,20,20,0,0,1,N/A (ILS),N/A (ILS),ok
vansteenwegen,pr136_gen1_m2.txt,0,49007,137,2,24193.0,57.0,59.0,3.389830508474576,0,0.47390009999980975,20,11,11,9,0,1,N/A (ILS),N/A (ILS),ok
vansteenwegen,pr136_gen1_m2.txt,1,49008,137,2,24193.0,59.0,59.0,0.0,1,0.5374537000006967,20,5,5,15,0,1,N/A (ILS),N/A (ILS),ok
vansteenwegen,pr136_gen2_m2.txt,0,50007,137,2,24193.0,3512.0,3512.0,0.0,1,0.6351424000004045,20,18,18,2,1,1,N/A (ILS),N/A (ILS),ok
vansteenwegen,pr136_gen2_m2.txt,1,50008,137,2,24193.0,3335.0,3512.0,5.039863325740319,0,0.5192334000003029,20,15,15,5,2,1,N/A (ILS),N/A (ILS),ok
vansteenwegen,pr264_gen1_m4.txt,0,51007,265,4,6142.0,99.0,99.0,0.0,1,2.906269600000087,20,12,12,8,1,1,N/A (ILS),N/A (ILS),ok
vansteenwegen,pr264_gen1_m4.txt,1,51008,265,4,6142.0,99.0,99.0,0.0,1,3.0711178000001382,20,8,8,12,2,1,N/A (ILS),N/A (ILS),ok
vansteenwegen,pr264_gen2_m2.txt,0,52007,265,2,12284.0,6516.0,6516.0,0.0,1,3.8795936000005895,20,12,12,8,1,1,N/A (ILS),N/A (ILS),ok
vansteenwegen,pr264_gen2_m2.txt,1,52008,265,2,12284.0,6453.0,6516.0,0.9668508287292817,0,3.7679501000002347,20,16,16,4,1,1,N/A (ILS),N/A (ILS),ok
vansteenwegen,pr264_gen2_m3.txt,0,53007,265,3,8189.33,5963.0,6293.0,5.243921817892897,0,3.49356810000063,20,16,16,4,0,1,N/A (ILS),N/A (ILS),ok
vansteenwegen,pr264_gen2_m3.txt,1,53008,265,3,8189.33,6293.0,6293.0,0.0,1,3.5818849000006594,20,20,20,0,0,1,N/A (ILS),N/A (ILS),ok
vansteenwegen,pr264_gen2_m4.txt,0,54007,265,4,6142.0,5321.0,5321.0,0.0,1,2.9734375000007276,20,16,16,4,0,1,N/A (ILS),N/A (ILS),ok
vansteenwegen,pr264_gen2_m4.txt,1,54008,265,4,6142.0,5128.0,5321.0,3.6271377560608906,0,3.0346690000005765,20,20,20,0,2,1,N/A (ILS),N/A (ILS),ok
vansteenwegen,pr264_gen3_m3.txt,0,55007,265,3,8189.33,2430.0,2430.0,0.0,1,4.01552509999965,20,4,4,16,1,1,N/A (ILS),N/A (ILS),ok
vansteenwegen,pr264_gen3_m3.txt,1,55008,265,3,8189.33,2399.0,2430.0,1.2757201646090535,0,4.257409699999698,20,2,2,18,1,1,N/A (ILS),N/A (ILS),ok
vansteenwegen,pr299_gen1_m2.txt,0,56007,300,2,12048.0,129.0,131.0,1.5267175572519083,0,4.94516509999994,20,19,19,1,0,1,N/A (ILS),N/A (ILS),ok
vansteenwegen,pr299_gen1_m2.txt,1,56008,300,2,12048.0,131.0,131.0,0.0,1,5.116822099998899,20,14,14,6,0,1,N/A (ILS),N/A (ILS),ok
vansteenwegen,pr299_gen1_m3.txt,0,57007,300,3,8032.0,95.0,105.0,9.523809523809524,0,3.2320997000006173,20,12,12,8,0,1,N/A (ILS),N/A (ILS),ok
vansteenwegen,pr299_gen1_m3.txt,1,57008,300,3,8032.0,105.0,105.0,0.0,1,3.835324900001069,20,14,14,6,0,1,N/A (ILS),N/A (ILS),ok
vansteenwegen,pr299_gen1_m4.txt,0,58007,300,4,6024.0,81.0,81.0,0.0,1,3.023545699999886,20,6,6,14,0,1,N/A (ILS),N/A (ILS),ok
vansteenwegen,pr299_gen1_m4.txt,1,58008,300,4,6024.0,75.0,81.0,7.4074074074074066,0,2.9628892999990057,20,3,3,17,0,1,N/A (ILS),N/A (ILS),ok
vansteenwegen,pr299_gen2_m3.txt,0,59007,300,3,8032.0,5107.0,5415.0,5.687903970452447,0,3.4559773999990284,20,17,17,3,0,1,N/A (ILS),N/A (ILS),ok
vansteenwegen,pr299_gen2_m3.txt,1,59008,300,3,8032.0,5415.0,5415.0,0.0,1,3.8482294000004913,20,20,20,0,1,1,N/A (ILS),N/A (ILS),ok
vansteenwegen,pr299_gen2_m4.txt,0,60007,300,4,6024.0,4313.0,4313.0,0.0,1,2.976616100000683,20,14,14,6,2,1,N/A (ILS),N/A (ILS),ok
vansteenwegen,pr299_gen2_m4.txt,1,60008,300,4,6024.0,4036.0,4313.0,6.422443774634826,0,2.7100207999992563,20,6,6,14,1,1,N/A (ILS),N/A (ILS),ok
vansteenwegen,pr299_gen3_m2.txt,0,61007,300,2,12048.0,4594.0,4594.0,0.0,1,5.418914899999436,20,18,18,2,1,1,N/A (ILS),N/A (ILS),ok
vansteenwegen,pr299_gen3_m2.txt,1,61008,300,2,12048.0,4531.0,4594.0,1.3713539399216368,0,5.398636399999305,20,20,20,0,2,1,N/A (ILS),N/A (ILS),ok
vansteenwegen,pr299_gen3_m3.txt,0,62007,300,3,8032.0,3237.0,3237.0,0.0,1,4.168933599999946,20,19,19,1,1,1,N/A (ILS),N/A (ILS),ok
vansteenwegen,pr299_gen3_m3.txt,1,62008,300,3,8032.0,3061.0,3237.0,5.437133147976522,0,3.788770099999965,20,20,20,0,0,1,N/A (ILS),N/A (ILS),ok
vansteenwegen,pr299_gen3_m4.txt,0,63007,300,4,6024.0,2091.0,2091.0,0.0,1,3.0286248000011255,20,16,16,4,2,1,N/A (ILS),N/A (ILS),ok
vansteenwegen,pr299_gen3_m4.txt,1,63008,300,4,6024.0,1757.0,2091.0,15.973218555714968,0,2.5955059999996593,20,10,10,10,1,1,N/A (ILS),N/A (ILS),ok
vansteenwegen,rat195_gen2_m2.txt,0,64007,196,2,581.0,4617.0,4798.0,3.7724051688203417,0,1.4916704999996,20,13,13,7,1,1,N/A (ILS),N/A (ILS),ok
vansteenwegen,rat195_gen2_m2.txt,1,64008,196,2,581.0,4798.0,4798.0,0.0,1,1.5458688999988226,20,15,15,5,0,1,N/A (ILS),N/A (ILS),ok
vansteenwegen,rat195_gen3_m3.txt,0,65007,196,3,387.333,2352.0,2352.0,0.0,1,1.4775134999999864,20,14,14,6,0,1,N/A (ILS),N/A (ILS),ok
vansteenwegen,rat195_gen3_m3.txt,1,65008,196,3,387.333,2123.0,2352.0,9.736394557823129,0,1.286756299999979,20,20,20,0,0,1,N/A (ILS),N/A (ILS),ok
vansteenwegen,ts225_gen2_m2.txt,0,66007,226,2,31661.0,5644.0,5644.0,0.0,1,2.2800936000003276,20,18,18,2,1,1,N/A (ILS),N/A (ILS),ok
vansteenwegen,ts225_gen2_m2.txt,1,66008,226,2,31661.0,5150.0,5644.0,8.752657689581858,0,2.183264400000553,20,15,15,5,1,1,N/A (ILS),N/A (ILS),ok
