dataset,instance,num_nodes,team_size,runs,reference_best_score,best_score,mean_score,std_score,mean_cpu_time_seconds,median_cpu_time_seconds,mean_lp_solves,mean_labels_generated,success_rate_percent,mean_gap_to_reference_best_percent,max_gap_to_reference_best_percent
chao,p4.2.a.txt,100,2,1,153.0,153.0,153.0,0.0,0.2258996999989904,0.2258996999989904,2.0,31808.0,100.0,0.0,0.0
chao,p4.2.b.txt,100,2,1,214.0,214.0,214.0,0.0,0.2676720000017667,0.2676720000017667,2.0,80960.0,100.0,0.0,0.0
chao,p4.2.c.txt,100,2,1,269.0,269.0,269.0,0.0,0.4782937999989372,0.4782937999989372,2.0,262080.0,100.0,0.0,0.0
chao,p4.2.d.txt,100,2,1,302.0,302.0,302.0,0.0,0.6963068999975803,0.6963068999975803,2.0,262080.0,100.0,0.0,0.0
chao,p4.2.e.txt,100,2,1,337.0,337.0,337.0,0.0,0.8925823999998101,0.8925823999998101,2.0,300160.0,100.0,0.0,0.0
chao,p4.2.f.txt,100,2,1,350.0,350.0,350.0,0.0,1.0762565000004543,1.0762565000004543,2.0,300160.0,100.0,0.0,0.0
chao,p4.2.g.txt,100,2,1,350.0,350.0,350.0,0.0,1.216841800000111,1.216841800000111,2.0,300160.0,100.0,0.0,0.0
chao,p4.2.h.txt,100,2,1,350.0,350.0,350.0,0.0,1.3588468999987526,1.3588468999987526,2.0,300160.0,100.0,0.0,0.0
chao,p4.2.i.txt,100,2,1,350.0,350.0,350.0,0.0,1.3728994999983115,1.3728994999983115,2.0,300160.0,100.0,0.0,0.0
chao,p4.2.j.txt,100,2,1,350.0,350.0,350.0,0.0,1.3973590999994485,1.3973590999994485,2.0,300160.0,100.0,0.0,0.0
chao,p4.2.k.txt,100,2,1,350.0,350.0,350.0,0.0,1.4392919999991136,1.4392919999991136,2.0,300160.0,100.0,0.0,0.0
chao,p4.2.l.txt,100,2,1,350.0,350.0,350.0,0.0,1.4367755999992369,1.4367755999992369,2.0,300160.0,100.0,0.0,0.0
chao,p4.2.m.txt,100,2,1,350.0,350.0,350.0,0.0,1.5648044000008667,1.5648044000008667,2.0,300160.0,100.0,0.0,0.0
chao,p4.2.n.txt,100,2,1,350.0,350.0,350.0,0.0,1.4847990999987815,1.4847990999987815,2.0,300160.0,100.0,0.0,0.0
chao,p4.2.o.txt,100,2,1,350.0,350.0,350.0,0.0,1.472652399999788,1.472652399999788,2.0,300160.0,100.0,0.0,0.0
chao,p4.2.p.txt,100,2,1,350.0,350.0,350.0,0.0,1.4468772999971407,1.4468772999971407,2.0,300160.0,100.0,0.0,0.0
chao,p4.2.q.txt,100,2,1,350.0,350.0,350.0,0.0,1.468623500000831,1.468623500000831,2.0,300160.0,100.0,0.0,0.0
chao,p4.2.r.txt,100,2,1,350.0,350.0,350.0,0.0,1.5308912999971653,1.5308912999971653,2.0,300160.0,100.0,0.0,0.0
chao,p4.2.s.txt,100,2,1,350.0,350.0,350.0,0.0,1.46504350000032,1.46504350000032,2.0,300160.0,100.0,0.0,0.0
chao,p4.2.t.txt,100,2,1,350.0,350.0,350.0,0.0,1.4580448999986402,1.4580448999986402,2.0,300160.0,100.0,0.0,0.0
chao,p4.3.a.txt,100,3,1,0.0,0.0,0.0,0.0,0.03237520000038785,0.03237520000038785,1.0,1568.0,100.0,0.0,0.0
chao,p4.3.b.txt,100,3,1,38.0,38.0,38.0,0.0,0.051918699999077944,0.051918699999077944,1.0,4672.0,100.0,0.0,0.0
chao,p4.3.c.txt,100,3,1,150.0,150.0,150.0,0.0,0.1312058999974397,0.1312058999974397,2.0,84224.0,100.0,0.0,0.0
chao,p4.3.d.txt,100,3,1,264.0,264.0,264.0,0.0,0.5791418999979214,0.5791418999979214,8.0,358240.0,100.0,0.0,0.0
chao,p4.3.e.txt,100,3,1,261.0,261.0,261.0,0.0,0.2893465000015567,0.2893465000015567,2.0,192896.0,100.0,0.0,0.0
chao,p4.3.f.txt,100,3,1,304.0,304.0,304.0,0.0,0.43352149999918765,0.43352149999918765,2.0,262080.0,100.0,0.0,0.0
chao,p4.3.g.txt,100,3,1,353.0,353.0,353.0,0.0,1.7538065000007919,1.7538065000007919,8.0,1037952.0,100.0,0.0,0.0
chao,p4.3.h.txt,100,3,1,349.0,349.0,349.0,0.0,0.6863130999990972,0.6863130999990972,2.0,262080.0,100.0,0.0,0.0
chao,p4.3.i.txt,100,3,1,378.0,378.0,378.0,0.0,0.839090399997076,0.839090399997076,2.0,300160.0,100.0,0.0,0.0
chao,p4.3.j.txt,100,3,1,385.0,385.0,385.0,0.0,0.9886814999990747,0.9886814999990747,2.0,300160.0,100.0,0.0,0.0
chao,p4.3.k.txt,100,3,1,398.0,398.0,398.0,0.0,1.1155098999988695,1.1155098999988695,2.0,300160.0,100.0,0.0,0.0
chao,p4.3.l.txt,100,3,1,398.0,398.0,398.0,0.0,1.2469182000022556,1.2469182000022556,2.0,300160.0,100.0,0.0,0.0
chao,p4.3.m.txt,100,3,1,398.0,398.0,398.0,0.0,1.2598638999988907,1.2598638999988907,2.0,300160.0,100.0,0.0,0.0
chao,p4.3.n.txt,100,3,1,398.0,398.0,398.0,0.0,1.3345371999967028,1.3345371999967028,2.0,300160.0,100.0,0.0,0.0
chao,p4.3.o.txt,100,3,1,398.0,398.0,398.0,0.0,1.3773433999995177,1.3773433999995177,2.0,300160.0,100.0,0.0,0.0
chao,p4.3.p.txt,100,3,1,398.0,398.0,398.0,0.0,1.4597916000020632,1.4597916000020632,2.0,300160.0,100.0,0.0,0.0
chao,p4.3.q.txt,100,3,1,398.0,398.0,398.0,0.0,1.4860760000010487,1.4860760000010487,2.0,300160.0,100.0,0.0,0.0
chao,p4.3.r.txt,100,3,1,398.0,398.0,398.0,0.0,1.4170185000002675,1.4170185000002675,2.0,300160.0,100.0,0.0,0.0
chao,p4.3.s.txt,100,3,1,398.0,398.0,398.0,0.0,1.4832701999985147,1.4832701999985147,2.0,300160.0,100.0,0.0,0.0
chao,p4.3.t.txt,100,3,1,398.0,398.0,398.0,0.0,1.4598359000010532,1.4598359000010532,2.0,300160.0,100.0,0.0,0.0
chao,p4.4.a.txt,100,4,1,0.0,0.0,0.0,0.0,0.03576809999867692,0.03576809999867692,1.0,1568.0,100.0,0.0,0.0
chao,p4.4.b.txt,100,4,1,0.0,0.0,0.0,0.0,0.025770600001123967,0.025770600001123967,1.0,1568.0,100.0,0.0,0.0
chao,p4.4.c.txt,100,4,1,0.0,0.0,0.0,0.0,0.026889100001426414,0.026889100001426414,1.0,1568.0,100.0,0.0,0.0
chao,p4.4.d.txt,100,4,1,38.0,38.0,38.0,0.0,0.04382649999752175,0.04382649999752175,1.0,4672.0,100.0,0.0,0.0
chao,p4.4.e.txt,100,4,1,181.0,181.0,181.0,0.0,0.3275656000005256,0.3275656000005256,8.0,167120.0,100.0,0.0,0.0
chao,p4.4.f.txt,100,4,1,214.0,214.0,214.0,0.0,0.155874699998094,0.155874699998094,2.0,63616.0,100.0,0.0,0.0
chao,p4.4.g.txt,100,4,1,340.0,340.0,340.0,0.0,0.6635524000012083,0.6635524000012083,8.0,438864.0,100.0,0.0,0.0
chao,p4.4.h.txt,100,4,1,305.0,305.0,305.0,0.0,0.28398770000057993,0.28398770000057993,2.0,192896.0,100.0,0.0,0.0
chao,p4.4.i.txt,100,4,1,467.0,467.0,467.0,0.0,1.1764527000013913,1.1764527000013913,8.0,709664.0,100.0,0.0,0.0
chao,p4.4.j.txt,100,4,1,361.0,361.0,361.0,0.0,0.5004915999998047,0.5004915999998047,2.0,262080.0,100.0,0.0,0.0
chao,p4.4.k.txt,100,4,1,386.0,386.0,386.0,0.0,1.8528538999999,1.8528538999999,8.0,1055040.0,100.0,0.0,0.0
chao,p4.4.l.txt,100,4,1,394.0,394.0,394.0,0.0,0.7388014000025578,0.7388014000025578,2.0,262080.0,100.0,0.0,0.0
chao,p4.4.m.txt,100,4,1,420.0,420.0,420.0,0.0,0.8452762000015355,0.8452762000015355,2.0,300160.0,100.0,0.0,0.0
chao,p4.4.n.txt,100,4,1,432.0,432.0,432.0,0.0,0.9524376999979722,0.9524376999979722,2.0,300160.0,100.0,0.0,0.0
chao,p4.4.o.txt,100,4,1,433.0,433.0,433.0,0.0,1.0154235000009066,1.0154235000009066,2.0,300160.0,100.0,0.0,0.0
chao,p4.4.p.txt,100,4,1,446.0,446.0,446.0,0.0,1.0798905000010564,1.0798905000010564,2.0,300160.0,100.0,0.0,0.0
chao,p4.4.q.txt,100,4,1,446.0,446.0,446.0,0.0,1.1422358999989228,1.1422358999989228,2.0,300160.0,100.0,0.0,0.0
chao,p4.4.r.txt,100,4,1,446.0,446.0,446.0,0.0,1.2404366000009759,1.2404366000009759,2.0,300160.0,100.0,0.0,0.0
chao,p4.4.s.txt,100,4,1,446.0,446.0,446.0,0.0,1.2834748000022955,1.2834748000022955,2.0,300160.0,100.0,0.0,0.0
chao,p4.4.t.txt,100,4,1,446.0,446.0,446.0,0.0,1.3144590999982029,1.3144590999982029,2.0,300160.0,100.0,0.0,0.0
chao,p5.2.a.txt,66,2,1,0.0,0.0,0.0,0.0,0.031803199999558274,0.031803199999558274,1.0,1024.0,100.0,0.0,0.0
chao,p5.2.b.txt,66,2,1,20.0,20.0,20.0,0.0,0.05773670000053244,0.05773670000053244,1.0,6016.0,100.0,0.0,0.0
chao,p5.2.c.txt,66,2,1,40.0,40.0,40.0,0.0,0.07219389999954728,0.07219389999954728,1.0,6016.0,100.0,0.0,0.0
chao,p5.2.d.txt,66,2,1,80.0,80.0,80.0,0.0,0.15775289999874076,0.15775289999874076,2.0,29440.0,100.0,0.0,0.0
chao,p5.2.e.txt,66,2,1,170.0,170.0,170.0,0.0,0.2304057000001194,0.2304057000001194,2.0,40768.0,100.0,0.0,0.0
chao,p5.2.f.txt,66,2,1,190.0,190.0,190.0,0.0,0.36596279999866965,0.36596279999866965,2.0,40768.0,100.0,0.0,0.0
chao,p5.2.g.txt,66,2,1,320.0,320.0,320.0,0.0,0.6183946000019205,0.6183946000019205,2.0,84480.0,100.0,0.0,0.0
chao,p5.2.h.txt,66,2,1,390.0,390.0,390.0,0.0,0.7239822000010463,0.7239822000010463,2.0,102080.0,100.0,0.0,0.0
chao,p5.2.i.txt,66,2,1,435.0,435.0,435.0,0.0,1.1579013999980816,1.1579013999980816,3.0,149440.0,100.0,0.0,0.0
chao,p5.2.j.txt,66,2,1,560.0,560.0,560.0,0.0,0.9129702999998699,0.9129702999998699,2.0,163072.0,100.0,0.0,0.0
chao,p5.2.k.txt,66,2,1,620.0,620.0,620.0,0.0,0.984549099997821,0.984549099997821,2.0,163072.0,100.0,0.0,0.0
chao,p5.2.l.txt,66,2,1,700.0,700.0,700.0,0.0,0.9864975000018603,0.9864975000018603,2.0,185920.0,100.0,0.0,0.0
chao,p5.2.m.txt,66,2,1,800.0,800.0,800.0,0.0,1.0339382999991358,1.0339382999991358,2.0,185920.0,100.0,0.0,0.0
chao,p5.2.n.txt,66,2,1,800.0,800.0,800.0,0.0,1.1098884999992151,1.1098884999992151,2.0,185920.0,100.0,0.0,0.0
chao,p5.2.o.txt,66,2,1,800.0,800.0,800.0,0.0,1.08914459999869,1.08914459999869,2.0,185920.0,100.0,0.0,0.0
chao,p5.2.p.txt,66,2,1,800.0,800.0,800.0,0.0,1.033961699999054,1.033961699999054,2.0,185920.0,100.0,0.0,0.0
chao,p5.2.q.txt,66,2,1,800.0,800.0,800.0,0.0,1.1364353000026313,1.1364353000026313,2.0,185920.0,100.0,0.0,0.0
chao,p5.2.r.txt,66,2,1,800.0,800.0,800.0,0.0,1.1168795999983558,1.1168795999983558,2.0,185920.0,100.0,0.0,0.0
chao,p5.2.s.txt,66,2,1,800.0,800.0,800.0,0.0,1.090454100001807,1.090454100001807,2.0,185920.0,100.0,0.0,0.0
chao,p5.2.t.txt,66,2,1,800.0,800.0,800.0,0.0,1.0990242000007129,1.0990242000007129,2.0,185920.0,100.0,0.0,0.0
chao,p5.2.u.txt,66,2,1,800.0,800.0,800.0,0.0,1.0566471000020101,1.0566471000020101,2.0,185920.0,100.0,0.0,0.0
chao,p5.2.v.txt,66,2,1,800.0,800.0,800.0,0.0,1.0615327999985311,1.0615327999985311,2.0,185920.0,100.0,0.0,0.0
chao,p5.2.w.txt,66,2,1,800.0,800.0,800.0,0.0,1.0776635000001988,1.0776635000001988,2.0,185920.0,100.0,0.0,0.0
chao,p5.2.x.txt,66,2,1,800.0,800.0,800.0,0.0,1.0534726999976556,1.0534726999976556,2.0,185920.0,100.0,0.0,0.0
chao,p5.2.y.txt,66,2,1,800.0,800.0,800.0,0.0,1.0632444000002579,1.0632444000002579,2.0,185920.0,100.0,0.0,0.0
chao,p5.2.z.txt,66,2,1,800.0,800.0,800.0,0.0,1.0858731000007538,1.0858731000007538,2.0,185920.0,100.0,0.0,0.0
chao,p5.3.a.txt,66,3,1,0.0,0.0,0.0,0.0,0.030412599997362122,0.030412599997362122,1.0,1024.0,100.0,0.0,0.0
chao,p5.3.b.txt,66,3,1,15.0,15.0,15.0,0.0,0.0553775999978825,0.0553775999978825,1.0,3040.0,100.0,0.0,0.0
chao,p5.3.c.txt,66,3,1,20.0,20.0,20.0,0.0,0.060553399998752866,0.060553399998752866,1.0,960.0,100.0,0.0,0.0
chao,p5.3.d.txt,66,3,1,60.0,60.0,60.0,0.0,0.06779620000088471,0.06779620000088471,1.0,6016.0,100.0,0.0,0.0
chao,p5.3.e.txt,66,3,1,85.0,85.0,85.0,0.0,0.11774879999939003,0.11774879999939003,2.0,19840.0,100.0,0.0,0.0
chao,p5.3.f.txt,66,3,1,110.0,110.0,110.0,0.0,0.2836481999984244,0.2836481999984244,5.0,54752.0,100.0,0.0,0.0
chao,p5.3.g.txt,66,3,1,160.0,160.0,160.0,0.0,0.28222859999732464,0.28222859999732464,3.0,41360.0,100.0,0.0,0.0
chao,p5.3.h.txt,66,3,1,230.0,230.0,230.0,0.0,0.8003051000014239,0.8003051000014239,8.0,129399.0,100.0,0.0,0.0
chao,p5.3.i.txt,66,3,1,255.0,255.0,255.0,0.0,0.6068046000000322,0.6068046000000322,4.0,53184.0,100.0,0.0,0.0
chao,p5.3.j.txt,66,3,1,380.0,380.0,380.0,0.0,1.3217508000016096,1.3217508000016096,7.0,150685.0,100.0,0.0,0.0
chao,p5.3.k.txt,66,3,1,385.0,385.0,385.0,0.0,1.7800707999995211,1.7800707999995211,8.0,208792.0,100.0,0.0,0.0
chao,p5.3.l.txt,66,3,1,460.0,460.0,460.0,0.0,2.122019399997953,2.122019399997953,8.0,321036.0,100.0,0.0,0.0
chao,p5.3.m.txt,66,3,1,510.0,510.0,510.0,0.0,2.469236799999635,2.469236799999635,8.0,330995.0,100.0,0.0,0.0
chao,p5.3.n.txt,66,3,1,755.0,755.0,755.0,0.0,2.5887643000023672,2.5887643000023672,8.0,416454.0,100.0,0.0,0.0
chao,p5.3.o.txt,66,3,1,630.0,630.0,630.0,0.0,2.7627164000004996,2.7627164000004996,8.0,482478.0,100.0,0.0,0.0
chao,p5.3.p.txt,66,3,1,650.0,650.0,650.0,0.0,2.9056416999992507,2.9056416999992507,8.0,551140.0,100.0,0.0,0.0
chao,p5.3.q.txt,66,3,1,720.0,720.0,720.0,0.0,3.0000737000009394,3.0000737000009394,8.0,642406.0,100.0,0.0,0.0
chao,p5.3.r.txt,66,3,1,770.0,770.0,770.0,0.0,3.1139542999990226,3.1139542999990226,8.0,688632.0,100.0,0.0,0.0
chao,p5.3.s.txt,66,3,1,1140.0,1140.0,1140.0,0.0,3.057300299999042,3.057300299999042,8.0,694624.0,100.0,0.0,0.0
chao,p5.3.t.txt,66,3,1,870.0,870.0,870.0,0.0,3.228524899997865,3.228524899997865,8.0,716800.0,100.0,0.0,0.0
chao,p5.3.u.txt,66,3,1,1220.0,1220.0,1220.0,0.0,3.145098200002394,3.145098200002394,8.0,720160.0,100.0,0.0,0.0
chao,p5.3.v.txt,66,3,1,1240.0,1240.0,1240.0,0.0,3.15190640000219,3.15190640000219,8.0,720160.0,100.0,0.0,0.0
chao,p5.3.w.txt,66,3,1,900.0,900.0,900.0,0.0,3.2007126999997126,3.2007126999997126,8.0,720160.0,100.0,0.0,0.0
chao,p5.3.x.txt,66,3,1,1240.0,1240.0,1240.0,0.0,3.116225999998278,3.116225999998278,8.0,720160.0,100.0,0.0,0.0
chao,p5.3.y.txt,66,3,1,910.0,910.0,910.0,0.0,3.1033821999990323,3.1033821999990323,8.0,715120.0,100.0,0.0,0.0
chao,p5.3.z.txt,66,3,1,910.0,910.0,910.0,0.0,3.1189898000011453,3.1189898000011453,8.0,720160.0,100.0,0.0,0.0
chao,p5.4.a.txt,66,4,1,0.0,0.0,0.0,0.0,0.03041290000328445,0.03041290000328445,1.0,1024.0,100.0,0.0,0.0
chao,p5.4.b.txt,66,4,1,0.0,0.0,0.0,0.0,0.024570499997935258,0.024570499997935258,1.0,1024.0,100.0,0.0,0.0
chao,p5.4.c.txt,66,4,1,20.0,20.0,20.0,0.0,0.04937240000072052,0.04937240000072052,1.0,3040.0,100.0,0.0,0.0
chao,p5.4.d.txt,66,4,1,20.0,20.0,20.0,0.0,0.04426169999715057,0.04426169999715057,1.0,960.0,100.0,0.0,0.0
chao,p5.4.e.txt,66,4,1,20.0,20.0,20.0,0.0,0.058859700002358295,0.058859700002358295,1.0,960.0,100.0,0.0,0.0
chao,p5.4.f.txt,66,4,1,80.0,80.0,80.0,0.0,0.07070359999852371,0.07070359999852371,1.0,6016.0,100.0,0.0,0.0
chao,p5.4.g.txt,66,4,1,130.0,130.0,130.0,0.0,0.17909839999992982,0.17909839999992982,3.0,29760.0,100.0,0.0,0.0
chao,p5.4.h.txt,66,4,1,140.0,140.0,140.0,0.0,0.30786730000181706,0.30786730000181706,5.0,50869.0,100.0,0.0,0.0
chao,p5.4.i.txt,66,4,1,190.0,190.0,190.0,0.0,0.27900180000142427,0.27900180000142427,3.0,26844.0,100.0,0.0,0.0
chao,p5.4.j.txt,66,4,1,270.0,270.0,270.0,0.0,0.4727506999988691,0.4727506999988691,5.0,75202.0,100.0,0.0,0.0
chao,p5.4.k.txt,66,4,1,310.0,310.0,310.0,0.0,0.8003830000016023,0.8003830000016023,8.0,141428.0,100.0,0.0,0.0
chao,p5.4.l.txt,66,4,1,320.0,320.0,320.0,0.0,0.5865794000019378,0.5865794000019378,4.0,53184.0,100.0,0.0,0.0
chao,p5.4.m.txt,66,4,1,390.0,390.0,390.0,0.0,1.3064144999989367,1.3064144999989367,8.0,154288.0,100.0,0.0,0.0
chao,p5.4.n.txt,66,4,1,460.0,460.0,460.0,0.0,1.6070283000008203,1.6070283000008203,8.0,201950.0,100.0,0.0,0.0
chao,p5.4.o.txt,66,4,1,455.0,455.0,455.0,0.0,1.938610700002755,1.938610700002755,8.0,221280.0,100.0,0.0,0.0
chao,p5.4.p.txt,66,4,1,530.0,530.0,530.0,0.0,2.1247570000014093,2.1247570000014093,8.0,304020.0,100.0,0.0,0.0
chao,p5.4.q.txt,66,4,1,580.0,580.0,580.0,0.0,2.2845930000003136,2.2845930000003136,8.0,322589.0,100.0,0.0,0.0
chao,p5.4.r.txt,66,4,1,590.0,590.0,590.0,0.0,2.4906679000014265,2.4906679000014265,8.0,369920.0,100.0,0.0,0.0
chao,p5.4.s.txt,66,4,1,650.0,650.0,650.0,0.0,3.9077625999998418,3.9077625999998418,8.0,466288.0,100.0,0.0,0.0
chao,p5.4.t.txt,66,4,1,700.0,700.0,700.0,0.0,2.8580289999990782,2.8580289999990782,8.0,484455.0,100.0,0.0,0.0
chao,p5.4.u.txt,66,4,1,710.0,710.0,710.0,0.0,2.935976800003118,2.935976800003118,8.0,528189.0,100.0,0.0,0.0
chao,p5.4.v.txt,66,4,1,780.0,780.0,780.0,0.0,3.017646699998295,3.017646699998295,8.0,583019.0,100.0,0.0,0.0
chao,p5.4.w.txt,66,4,1,1040.0,1040.0,1040.0,0.0,3.1893219000012323,3.1893219000012323,8.0,674282.0,100.0,0.0,0.0
chao,p5.4.x.txt,66,4,1,840.0,840.0,840.0,0.0,3.082198600000993,3.082198600000993,8.0,674394.0,100.0,0.0,0.0
chao,p5.4.y.txt,66,4,1,1500.0,1500.0,1500.0,0.0,3.4346211000010953,3.4346211000010953,8.0,650613.0,100.0,0.0,0.0
chao,p5.4.z.txt,66,4,1,940.0,940.0,940.0,0.0,3.4171289000005345,3.4171289000005345,8.0,716800.0,100.0,0.0,0.0
chao,p6.2.a.txt,64,2,1,0.0,0.0,0.0,0.0,0.033464600001025246,0.033464600001025246,1.0,992.0,100.0,0.0,0.0
chao,p6.2.b.txt,64,2,1,0.0,0.0,0.0,0.0,0.023969099998794263,0.023969099998794263,1.0,992.0,100.0,0.0,0.0
chao,p6.2.c.txt,64,2,1,0.0,0.0,0.0,0.0,0.023777699996571755,0.023777699996571755,1.0,992.0,100.0,0.0,0.0
chao,p6.2.d.txt,64,2,1,192.0,192.0,192.0,0.0,0.17008160000114003,0.17008160000114003,2.0,66048.0,100.0,0.0,0.0
chao,p6.2.e.txt,64,2,1,324.0,324.0,324.0,0.0,0.3843833999999333,0.3843833999999333,2.0,116864.0,100.0,0.0,0.0
chao,p6.2.f.txt,64,2,1,384.0,384.0,384.0,0.0,0.6045182000016212,0.6045182000016212,2.0,98560.0,100.0,0.0,0.0
chao,p6.2.g.txt,64,2,1,504.0,504.0,504.0,0.0,0.7454247000023315,0.7454247000023315,2.0,157248.0,100.0,0.0,0.0
chao,p6.2.h.txt,64,2,1,612.0,612.0,612.0,0.0,0.8467736999991757,0.8467736999991757,2.0,179200.0,100.0,0.0,0.0
chao,p6.2.i.txt,64,2,1,696.0,696.0,696.0,0.0,0.9762868999969214,0.9762868999969214,2.0,179200.0,100.0,0.0,0.0
chao,p6.2.j.txt,64,2,1,696.0,696.0,696.0,0.0,1.0143377000022156,1.0143377000022156,2.0,179200.0,100.0,0.0,0.0
chao,p6.2.k.txt,64,2,1,696.0,696.0,696.0,0.0,1.0451938000005612,1.0451938000005612,2.0,179200.0,100.0,0.0,0.0
chao,p6.2.l.txt,64,2,1,696.0,696.0,696.0,0.0,1.0092193000018597,1.0092193000018597,2.0,179200.0,100.0,0.0,0.0
chao,p6.2.m.txt,64,2,1,696.0,696.0,696.0,0.0,1.0065408999980718,1.0065408999980718,2.0,179200.0,100.0,0.0,0.0
chao,p6.2.n.txt,64,2,1,696.0,696.0,696.0,0.0,1.0409868999995524,1.0409868999995524,2.0,179200.0,100.0,0.0,0.0
chao,p6.3.a.txt,64,3,1,0.0,0.0,0.0,0.0,0.03175090000149794,0.03175090000149794,1.0,992.0,100.0,0.0,0.0
chao,p6.3.b.txt,64,3,1,0.0,0.0,0.0,0.0,0.024304499998834217,0.024304499998834217,1.0,992.0,100.0,0.0,0.0
chao,p6.3.c.txt,64,3,1,0.0,0.0,0.0,0.0,0.02536340000006021,0.02536340000006021,1.0,992.0,100.0,0.0,0.0
chao,p6.3.d.txt,64,3,1,0.0,0.0,0.0,0.0,0.03327490000083344,0.03327490000083344,1.0,992.0,100.0,0.0,0.0
chao,p6.3.e.txt,64,3,1,0.0,0.0,0.0,0.0,0.030640600001788698,0.030640600001788698,1.0,992.0,100.0,0.0,0.0
chao,p6.3.f.txt,64,3,1,0.0,0.0,0.0,0.0,0.026988199999323115,0.026988199999323115,1.0,992.0,100.0,0.0,0.0
chao,p6.3.g.txt,64,3,1,270.0,270.0,270.0,0.0,0.289992699999857,0.289992699999857,4.0,91744.0,100.0,0.0,0.0
chao,p6.3.h.txt,64,3,1,348.0,348.0,348.0,0.0,0.9842265999977826,0.9842265999977826,8.0,327626.0,100.0,0.0,0.0
chao,p6.3.i.txt,64,3,1,438.0,438.0,438.0,0.0,1.3027468000000226,1.3027468000000226,8.0,416602.0,100.0,0.0,0.0
chao,p6.3.j.txt,64,3,1,462.0,462.0,462.0,0.0,0.5619507000010344,0.5619507000010344,2.0,98560.0,100.0,0.0,0.0
chao,p6.3.k.txt,64,3,1,564.0,564.0,564.0,0.0,2.1752925000000687,2.1752925000000687,8.0,523328.0,100.0,0.0,0.0
chao,p6.3.l.txt,64,3,1,678.0,678.0,678.0,0.0,2.70309129999805,2.70309129999805,8.0,620858.0,100.0,0.0,0.0
chao,p6.3.m.txt,64,3,1,726.0,726.0,726.0,0.0,2.6398083999993105,2.6398083999993105,8.0,659022.0,100.0,0.0,0.0
chao,p6.3.n.txt,64,3,1,780.0,780.0,780.0,0.0,2.8045758999978716,2.8045758999978716,8.0,688240.0,100.0,0.0,0.0
chao,p6.4.a.txt,64,4,1,0.0,0.0,0.0,0.0,0.030507799998304108,0.030507799998304108,1.0,992.0,100.0,0.0,0.0
chao,p6.4.b.txt,64,4,1,0.0,0.0,0.0,0.0,0.02366289999918081,0.02366289999918081,1.0,992.0,100.0,0.0,0.0
chao,p6.4.c.txt,64,4,1,0.0,0.0,0.0,0.0,0.022850199999083998,0.022850199999083998,1.0,992.0,100.0,0.0,0.0
chao,p6.4.d.txt,64,4,1,0.0,0.0,0.0,0.0,0.025067699996725423,0.025067699996725423,1.0,992.0,100.0,0.0,0.0
chao,p6.4.e.txt,64,4,1,0.0,0.0,0.0,0.0,0.02334040000278037,0.02334040000278037,1.0,992.0,100.0,0.0,0.0
chao,p6.4.f.txt,64,4,1,0.0,0.0,0.0,0.0,0.0236791000024823,0.0236791000024823,1.0,992.0,100.0,0.0,0.0
chao,p6.4.g.txt,64,4,1,0.0,0.0,0.0,0.0,0.025357999998959713,0.025357999998959713,1.0,992.0,100.0,0.0,0.0
chao,p6.4.h.txt,64,4,1,0.0,0.0,0.0,0.0,0.025028199997905176,0.025028199997905176,1.0,992.0,100.0,0.0,0.0
chao,p6.4.i.txt,64,4,1,0.0,0.0,0.0,0.0,0.023465000002033776,0.023465000002033776,1.0,992.0,100.0,0.0,0.0
chao,p6.4.j.txt,64,4,1,288.0,288.0,288.0,0.0,0.5506619000007049,0.5506619000007049,8.0,224704.0,100.0,0.0,0.0
chao,p6.4.k.txt,64,4,1,372.0,372.0,372.0,0.0,0.26289149999865913,0.26289149999865913,2.0,66048.0,100.0,0.0,0.0
chao,p6.4.l.txt,64,4,1,462.0,462.0,462.0,0.0,1.1656193000017083,1.1656193000017083,8.0,402876.0,100.0,0.0,0.0
chao,p6.4.m.txt,64,4,1,528.0,528.0,528.0,0.0,1.4282333999981347,1.4282333999981347,8.0,399148.0,100.0,0.0,0.0
chao,p6.4.n.txt,64,4,1,540.0,540.0,540.0,0.0,0.5575606999991578,0.5575606999991578,2.0,98560.0,100.0,0.0,0.0
chao,p7.2.a.txt,102,2,1,30.0,30.0,30.0,0.0,0.0479010000017297,0.0479010000017297,1.0,4768.0,100.0,0.0,0.0
chao,p7.2.b.txt,102,2,1,64.0,64.0,64.0,0.0,0.09455779999916558,0.09455779999916558,2.0,18944.0,100.0,0.0,0.0
chao,p7.2.c.txt,102,2,1,96.0,96.0,96.0,0.0,0.11644220000016503,0.11644220000016503,2.0,31360.0,100.0,0.0,0.0
chao,p7.2.d.txt,102,2,1,136.0,136.0,136.0,0.0,0.17581849999987753,0.17581849999987753,2.0,64960.0,100.0,0.0,0.0
chao,p7.2.e.txt,102,2,1,178.0,178.0,178.0,0.0,0.28971310000270023,0.28971310000270023,2.0,109824.0,100.0,0.0,0.0
chao,p7.2.f.txt,102,2,1,201.0,201.0,201.0,0.0,0.449044100001629,0.449044100001629,2.0,136320.0,100.0,0.0,0.0
chao,p7.2.g.txt,102,2,1,247.0,247.0,247.0,0.0,0.6228020000016841,0.6228020000016841,2.0,231296.0,100.0,0.0,0.0
chao,p7.2.h.txt,102,2,1,290.0,290.0,290.0,0.0,0.8782262999993691,0.8782262999993691,2.0,306880.0,100.0,0.0,0.0
chao,p7.2.i.txt,102,2,1,314.0,314.0,314.0,0.0,1.0947653000002902,1.0947653000002902,2.0,306880.0,100.0,0.0,0.0
chao,p7.2.j.txt,102,2,1,314.0,314.0,314.0,0.0,1.2493329999997513,1.2493329999997513,2.0,306880.0,100.0,0.0,0.0
chao,p7.2.k.txt,102,2,1,314.0,314.0,314.0,0.0,1.3433159999985946,1.3433159999985946,2.0,306880.0,100.0,0.0,0.0
chao,p7.2.l.txt,102,2,1,314.0,314.0,314.0,0.0,1.429950400000962,1.429950400000962,2.0,306880.0,100.0,0.0,0.0
chao,p7.2.m.txt,102,2,1,314.0,314.0,314.0,0.0,1.4885926000024483,1.4885926000024483,2.0,306880.0,100.0,0.0,0.0
chao,p7.2.n.txt,102,2,1,314.0,314.0,314.0,0.0,1.5866618000000017,1.5866618000000017,2.0,306880.0,100.0,0.0,0.0
chao,p7.2.o.txt,102,2,1,314.0,314.0,314.0,0.0,1.5150370000010298,1.5150370000010298,2.0,306880.0,100.0,0.0,0.0
chao,p7.2.p.txt,102,2,1,314.0,314.0,314.0,0.0,1.5778822000029322,1.5778822000029322,2.0,306880.0,100.0,0.0,0.0
chao,p7.2.q.txt,102,2,1,314.0,314.0,314.0,0.0,1.6203574999999546,1.6203574999999546,2.0,306880.0,100.0,0.0,0.0
chao,p7.2.r.txt,102,2,1,314.0,314.0,314.0,0.0,1.5932166000020516,1.5932166000020516,2.0,306880.0,100.0,0.0,0.0
chao,p7.2.s.txt,102,2,1,314.0,314.0,314.0,0.0,1.5865592999980436,1.5865592999980436,2.0,306880.0,100.0,0.0,0.0
chao,p7.2.t.txt,102,2,1,314.0,314.0,314.0,0.0,1.5640686999977333,1.5640686999977333,2.0,306880.0,100.0,0.0,0.0
chao,p7.3.a.txt,102,3,1,0.0,0.0,0.0,0.0,0.032733900003222516,0.032733900003222516,1.0,1600.0,100.0,0.0,0.0
chao,p7.3.b.txt,102,3,1,46.0,46.0,46.0,0.0,0.04859690000012051,0.04859690000012051,1.0,4768.0,100.0,0.0,0.0
chao,p7.3.c.txt,102,3,1,79.0,79.0,79.0,0.0,0.09678879999773926,0.09678879999773926,2.0,14048.0,100.0,0.0,0.0
chao,p7.3.d.txt,102,3,1,101.0,101.0,101.0,0.0,0.14848600000186707,0.14848600000186707,3.0,40736.0,100.0,0.0,0.0
chao,p7.3.e.txt,102,3,1,165.0,165.0,165.0,0.0,0.41229200000088895,0.41229200000088895,8.0,154880.0,100.0,0.0,0.0
chao,p7.3.f.txt,102,3,1,185.0,185.0,185.0,0.0,0.17377720000149566,0.17377720000149566,2.0,64960.0,100.0,0.0,0.0
chao,p7.3.g.txt,102,3,1,214.0,214.0,214.0,0.0,0.241504999998142,0.241504999998142,2.0,86016.0,100.0,0.0,0.0
chao,p7.3.h.txt,102,3,1,357.0,357.0,357.0,0.0,0.987532299997838,0.987532299997838,8.0,439520.0,100.0,0.0,0.0
chao,p7.3.i.txt,102,3,1,429.0,429.0,429.0,0.0,1.260899299999437,1.260899299999437,8.0,703600.0,100.0,0.0,0.0
chao,p7.3.j.txt,102,3,1,310.0,310.0,310.0,0.0,0.5421802999990177,0.5421802999990177,2.0,231296.0,100.0,0.0,0.0
chao,p7.3.k.txt,102,3,1,330.0,330.0,330.0,0.0,0.6897225000029721,0.6897225000029721,2.0,267904.0,100.0,0.0,0.0
chao,p7.3.l.txt,102,3,1,354.0,354.0,354.0,0.0,0.8688269000012951,0.8688269000012951,2.0,306880.0,100.0,0.0,0.0
chao,p7.3.m.txt,102,3,1,367.0,367.0,367.0,0.0,1.0299100000011094,1.0299100000011094,2.0,306880.0,100.0,0.0,0.0
chao,p7.3.n.txt,102,3,1,379.0,379.0,379.0,0.0,1.1035921000002418,1.1035921000002418,2.0,306880.0,100.0,0.0,0.0
chao,p7.3.o.txt,102,3,1,379.0,379.0,379.0,0.0,1.1903831000017817,1.1903831000017817,2.0,306880.0,100.0,0.0,0.0
chao,p7.3.p.txt,102,3,1,380.0,380.0,380.0,0.0,1.2974436000004061,1.2974436000004061,2.0,306880.0,100.0,0.0,0.0
chao,p7.3.q.txt,102,3,1,380.0,380.0,380.0,0.0,1.493199699998513,1.493199699998513,2.0,306880.0,100.0,0.0,0.0
chao,p7.3.r.txt,102,3,1,380.0,380.0,380.0,0.0,1.4538027999988117,1.4538027999988117,2.0,306880.0,100.0,0.0,0.0
chao,p7.3.s.txt,102,3,1,380.0,380.0,380.0,0.0,1.6441522000022815,1.6441522000022815,2.0,306880.0,100.0,0.0,0.0
chao,p7.3.t.txt,102,3,1,380.0,380.0,380.0,0.0,1.535316999998031,1.535316999998031,2.0,306880.0,100.0,0.0,0.0
chao,p7.4.a.txt,102,4,1,0.0,0.0,0.0,0.0,0.03353109999807202,0.03353109999807202,1.0,1600.0,100.0,0.0,0.0
chao,p7.4.b.txt,102,4,1,30.0,30.0,30.0,0.0,0.045011000001977663,0.045011000001977663,1.0,4768.0,100.0,0.0,0.0
chao,p7.4.c.txt,102,4,1,46.0,46.0,46.0,0.0,0.04427149999901303,0.04427149999901303,1.0,4768.0,100.0,0.0,0.0
chao,p7.4.d.txt,102,4,1,79.0,79.0,79.0,0.0,0.06922779999877093,0.06922779999877093,1.0,4624.0,100.0,0.0,0.0
chao,p7.4.e.txt,102,4,1,114.0,114.0,114.0,0.0,0.07021280000117258,0.07021280000117258,1.0,9376.0,100.0,0.0,0.0
chao,p7.4.f.txt,102,4,1,155.0,155.0,155.0,0.0,0.1509756000014022,0.1509756000014022,3.0,34432.0,100.0,0.0,0.0
chao,p7.4.g.txt,102,4,1,180.0,180.0,180.0,0.0,0.15987010000026203,0.15987010000026203,2.0,64960.0,100.0,0.0,0.0
chao,p7.4.h.txt,102,4,1,245.0,245.0,245.0,0.0,0.5533966000002692,0.5533966000002692,8.0,212848.0,100.0,0.0,0.0
chao,p7.4.i.txt,102,4,1,249.0,249.0,249.0,0.0,0.23393249999935506,0.23393249999935506,2.0,86016.0,100.0,0.0,0.0
chao,p7.4.j.txt,102,4,1,393.0,393.0,393.0,0.0,0.9216309999974328,0.9216309999974328,8.0,365664.0,100.0,0.0,0.0
chao,p7.4.k.txt,102,4,1,411.0,411.0,411.0,0.0,1.1025970999980927,1.1025970999980927,8.0,433024.0,100.0,0.0,0.0
chao,p7.4.l.txt,102,4,1,316.0,316.0,316.0,0.0,0.45574199999828124,0.45574199999828124,2.0,136320.0,100.0,0.0,0.0
chao,p7.4.m.txt,102,4,1,428.0,428.0,428.0,0.0,1.5471337999988464,1.5471337999988464,8.0,804064.0,100.0,0.0,0.0
chao,p7.4.n.txt,102,4,1,452.0,452.0,452.0,0.0,1.8863796000005095,1.8863796000005095,8.0,1022544.0,100.0,0.0,0.0
chao,p7.4.o.txt,102,4,1,584.0,584.0,584.0,0.0,2.2728172000024642,2.2728172000024642,8.0,1096448.0,100.0,0.0,0.0
chao,p7.4.p.txt,102,4,1,414.0,414.0,414.0,0.0,0.866132800001651,0.866132800001651,2.0,306880.0,100.0,0.0,0.0
chao,p7.4.q.txt,102,4,1,427.0,427.0,427.0,0.0,0.9632321999997657,0.9632321999997657,2.0,306880.0,100.0,0.0,0.0
chao,p7.4.r.txt,102,4,1,468.0,468.0,468.0,0.0,3.2608609999988403,3.2608609999988403,8.0,1209040.0,100.0,0.0,0.0
chao,p7.4.s.txt,102,4,1,468.0,468.0,468.0,0.0,3.4530868000001647,3.4530868000001647,8.0,1214080.0,100.0,0.0,0.0
chao,p7.4.t.txt,102,4,1,467.0,467.0,467.0,0.0,3.862719799999468,3.862719799999468,8.0,1214080.0,100.0,0.0,0.0
dang,bier127_gen1_m2.txt,128,2,1,12.0,12.0,12.0,0.0,3.015063699996972,3.015063699996972,4.0,209880.0,100.0,0.0,0.0
dang,bier127_gen1_m3.txt,128,3,1,22.0,22.0,22.0,0.0,3.058514100001048,3.058514100001048,4.0,209880.0,100.0,0.0,0.0
dang,bier127_gen2_m2.txt,128,2,1,955.0,955.0,955.0,0.0,2.0600606000007247,2.0600606000007247,2.0,394240.0,100.0,0.0,0.0
dang,bier127_gen2_m3.txt,128,3,1,1173.0,1173.0,1173.0,0.0,2.0520203999985824,2.0520203999985824,2.0,394240.0,100.0,0.0,0.0
dang,bier127_gen2_m4.txt,128,4,1,1338.0,1338.0,1338.0,0.0,1.9648942999992869,1.9648942999992869,2.0,394240.0,100.0,0.0,0.0
dang,bier127_gen3_m2.txt,128,2,1,303.0,303.0,303.0,0.0,1.9645993999984057,1.9645993999984057,2.0,394240.0,100.0,0.0,0.0
dang,bier127_gen3_m3.txt,128,3,1,402.0,402.0,402.0,0.0,1.9733606000008876,1.9733606000008876,2.0,394240.0,100.0,0.0,0.0
dang,bier127_gen3_m4.txt,128,4,1,433.0,433.0,433.0,0.0,1.9982330999991973,1.9982330999991973,2.0,394240.0,100.0,0.0,0.0
dang,cmt101c_m3.txt,102,3,1,630.0,630.0,630.0,0.0,4.669773099998565,4.669773099998565,8.0,1207360.0,100.0,0.0,0.0
dang,cmt151b_m3.txt,152,3,1,579.0,579.0,579.0,0.0,6.249205700001767,6.249205700001767,8.0,1877680.0,100.0,0.0,0.0
dang,cmt151c_m2.txt,152,2,1,385.0,385.0,385.0,0.0,7.109684099999868,7.109684099999868,8.0,1881040.0,100.0,0.0,0.0
dang,cmt151c_m3.txt,152,3,1,586.0,586.0,586.0,0.0,7.03270429999975,7.03270429999975,8.0,1876000.0,100.0,0.0,0.0
dang,cmt151c_m4.txt,152,4,1,644.0,644.0,644.0,0.0,6.904718300000241,6.904718300000241,8.0,1876000.0,100.0,0.0,0.0
dang,cmt200b_m2.txt,201,2,1,375.0,375.0,375.0,0.0,3.033454000000347,3.033454000000347,2.0,639520.0,100.0,0.0,0.0
dang,cmt200b_m3.txt,201,3,1,428.0,428.0,428.0,0.0,2.850779700002022,2.850779700002022,2.0,639520.0,100.0,0.0,0.0
dang,cmt200b_m4.txt,201,4,1,472.0,472.0,472.0,0.0,2.2979959000003873,2.2979959000003873,2.0,639520.0,100.0,0.0,0.0
dang,cmt200c_m2.txt,201,2,1,375.0,375.0,375.0,0.0,3.079416199998377,3.079416199998377,2.0,639520.0,100.0,0.0,0.0
dang,cmt200c_m3.txt,201,3,1,428.0,428.0,428.0,0.0,3.169459699998697,3.169459699998697,2.0,639520.0,100.0,0.0,0.0
dang,cmt200c_m4.txt,201,4,1,472.0,472.0,472.0,0.0,3.056076699998812,3.056076699998812,2.0,639520.0,100.0,0.0,0.0
dang,eil101b_m3.txt,102,3,1,350.0,350.0,350.0,0.0,1.2529076999999234,1.2529076999999234,2.0,306880.0,100.0,0.0,0.0
dang,eil101c_m2.txt,102,2,1,297.0,297.0,297.0,0.0,1.546508300001733,1.546508300001733,2.0,306880.0,100.0,0.0,0.0
dang,eil101c_m3.txt,102,3,1,350.0,350.0,350.0,0.0,1.663314099998388,1.663314099998388,2.0,306880.0,100.0,0.0,0.0
dang,gil262_gen1_m3.txt,263,3,1,18.0,18.0,18.0,0.0,2.26199540000016,2.26199540000016,2.0,847840.0,100.0,0.0,0.0
dang,gil262_gen1_m4.txt,263,4,1,20.0,20.0,20.0,0.0,0.8399688999998034,0.8399688999998034,2.0,847840.0,100.0,0.0,0.0
dang,gil262_gen2_m2.txt,263,2,1,1153.0,1153.0,1153.0,0.0,4.2049518000021635,4.2049518000021635,2.0,847840.0,100.0,0.0,0.0
dang,gil262_gen2_m3.txt,263,3,1,1333.0,1333.0,1333.0,0.0,2.1889727000016137,2.1889727000016137,2.0,847840.0,100.0,0.0,0.0
dang,gil262_gen3_m2.txt,263,2,1,417.0,417.0,417.0,0.0,4.249421199998324,4.249421199998324,2.0,847840.0,100.0,0.0,0.0
dang,gil262_gen3_m4.txt,263,4,1,517.0,517.0,517.0,0.0,0.849784299996827,0.849784299996827,2.0,847840.0,100.0,0.0,0.0
dang,gil262a_m2.txt,251,2,1,1064.0,1064.0,1064.0,0.0,2.968536700002005,2.968536700002005,2.0,807520.0,100.0,0.0,0.0
dang,gil262a_m4.txt,251,4,1,1345.0,1345.0,1345.0,0.0,0.754877999999735,0.754877999999735,2.0,807520.0,100.0,0.0,0.0
dang,gil262b_m2.txt,251,2,1,1064.0,1064.0,1064.0,0.0,3.9441420000002836,3.9441420000002836,2.0,807520.0,100.0,0.0,0.0
dang,gil262b_m3.txt,251,3,1,1245.0,1245.0,1245.0,0.0,3.8133904000023904,3.8133904000023904,2.0,807520.0,100.0,0.0,0.0
dang,gil262b_m4.txt,251,4,1,1408.0,1408.0,1408.0,0.0,3.0749868000020797,3.0749868000020797,2.0,807520.0,100.0,0.0,0.0
dang,gil262c_m2.txt,251,2,1,1064.0,1064.0,1064.0,0.0,3.917793000000529,3.917793000000529,2.0,807520.0,100.0,0.0,0.0
dang,gil262c_m3.txt,251,3,1,1245.0,1245.0,1245.0,0.0,3.987871899997117,3.987871899997117,2.0,807520.0,100.0,0.0,0.0
dang,gil262c_m4.txt,251,4,1,1408.0,1408.0,1408.0,0.0,3.926543000001402,3.926543000001402,2.0,807520.0,100.0,0.0,0.0
dang,gr229_gen1_m4.txt,230,4,1,20.0,20.0,20.0,0.0,3.694863400000031,3.694863400000031,2.0,736960.0,100.0,0.0,0.0
dang,gr229_gen2_m3.txt,230,3,1,1183.0,1183.0,1183.0,0.0,3.577370199996949,3.577370199996949,2.0,736960.0,100.0,0.0,0.0
dang,gr229_gen2_m4.txt,230,4,1,1340.0,1340.0,1340.0,0.0,3.6622556999973312,3.6622556999973312,2.0,736960.0,100.0,0.0,0.0
dang,gr229_gen3_m3.txt,230,3,1,323.0,323.0,323.0,0.0,3.539593199999217,3.539593199999217,2.0,736960.0,100.0,0.0,0.0
dang,gr229_gen3_m4.txt,230,4,1,401.0,401.0,401.0,0.0,3.5979786999996577,3.5979786999996577,2.0,736960.0,100.0,0.0,0.0
dang,kroA150_gen2_m2.txt,151,2,1,1031.0,1031.0,1031.0,0.0,2.1185328000028676,2.1185328000028676,2.0,471520.0,100.0,0.0,0.0
dang,kroA150_gen3_m3.txt,151,3,1,624.0,624.0,624.0,0.0,1.1271052000010968,1.1271052000010968,2.0,471520.0,100.0,0.0,0.0
dang,kroA200_gen1_m4.txt,201,4,1,20.0,20.0,20.0,0.0,1.1233006000002206,1.1233006000002206,2.0,639520.0,100.0,0.0,0.0
dang,kroB200_gen1_m2.txt,201,2,1,16.0,16.0,16.0,0.0,2.991914700000052,2.991914700000052,2.0,639520.0,100.0,0.0,0.0
dang,kroB200_gen2_m2.txt,201,2,1,1105.0,1105.0,1105.0,0.0,2.9014428000009502,2.9014428000009502,2.0,639520.0,100.0,0.0,0.0
dang,kroB200_gen2_m4.txt,201,4,1,1455.0,1455.0,1455.0,0.0,1.2062526999980037,1.2062526999980037,2.0,639520.0,100.0,0.0,0.0
dang,kroB200_gen3_m2.txt,201,2,1,447.0,447.0,447.0,0.0,2.9756780000025174,2.9756780000025174,2.0,639520.0,100.0,0.0,0.0
dang,kroB200_gen3_m3.txt,201,3,1,508.0,508.0,508.0,0.0,1.5453238999980385,1.5453238999980385,2.0,639520.0,100.0,0.0,0.0
dang,lin318_gen1_m2.txt,319,2,1,16.0,16.0,16.0,0.0,5.110096799999155,5.110096799999155,2.0,1036000.0,100.0,0.0,0.0
dang,lin318_gen1_m3.txt,319,3,1,18.0,18.0,18.0,0.0,4.811390800001391,4.811390800001391,2.0,1036000.0,100.0,0.0,0.0
dang,lin318_gen2_m2.txt,319,2,1,1139.0,1139.0,1139.0,0.0,5.22437809999974,5.22437809999974,2.0,1036000.0,100.0,0.0,0.0
dang,lin318_gen2_m3.txt,319,3,1,1193.0,1193.0,1193.0,0.0,4.95770690000063,4.95770690000063,2.0,1036000.0,100.0,0.0,0.0
dang,lin318_gen3_m2.txt,319,2,1,247.0,247.0,247.0,0.0,5.119001600000047,5.119001600000047,2.0,1036000.0,100.0,0.0,0.0
dang,lin318_gen3_m4.txt,319,4,1,329.0,329.0,329.0,0.0,4.806582600002002,4.806582600002002,2.0,1036000.0,100.0,0.0,0.0
dang,pr136_gen1_m2.txt,137,2,1,16.0,16.0,16.0,0.0,6.197895199999039,6.197895199999039,8.0,1686160.0,100.0,0.0,0.0
dang,pr136_gen2_m2.txt,137,2,1,959.0,959.0,959.0,0.0,2.1253934999986086,2.1253934999986086,2.0,424480.0,100.0,0.0,0.0
dang,pr264_gen1_m4.txt,265,4,1,20.0,20.0,20.0,0.0,3.020712099998491,3.020712099998491,2.0,854560.0,100.0,0.0,0.0
dang,pr264_gen2_m2.txt,265,2,1,960.0,960.0,960.0,0.0,3.850502100001904,3.850502100001904,2.0,854560.0,100.0,0.0,0.0
dang,pr264_gen2_m3.txt,265,3,1,1143.0,1143.0,1143.0,0.0,3.857108000000153,3.857108000000153,2.0,854560.0,100.0,0.0,0.0
dang,pr264_gen2_m4.txt,265,4,1,1297.0,1297.0,1297.0,0.0,3.0798465000007127,3.0798465000007127,2.0,854560.0,100.0,0.0,0.0
dang,pr264_gen3_m3.txt,265,3,1,396.0,396.0,396.0,0.0,4.001549100001284,4.001549100001284,2.0,854560.0,100.0,0.0,0.0
dang,pr299_gen1_m2.txt,300,2,1,16.0,16.0,16.0,0.0,4.857861299999058,4.857861299999058,2.0,972160.0,100.0,0.0,0.0
dang,pr299_gen1_m3.txt,300,3,1,18.0,18.0,18.0,0.0,2.4539602999975614,2.4539602999975614,2.0,972160.0,100.0,0.0,0.0
dang,pr299_gen1_m4.txt,300,4,1,20.0,20.0,20.0,0.0,1.9206685999997717,1.9206685999997717,2.0,972160.0,100.0,0.0,0.0
dang,pr299_gen2_m3.txt,300,3,1,1133.0,1133.0,1133.0,0.0,2.4712059999983467,2.4712059999983467,2.0,972160.0,100.0,0.0,0.0
dang,pr299_gen2_m4.txt,300,4,1,1280.0,1280.0,1280.0,0.0,2.0217479999992065,2.0217479999992065,2.0,972160.0,100.0,0.0,0.0
dang,pr299_gen3_m2.txt,300,2,1,306.0,306.0,306.0,0.0,4.687644400000863,4.687644400000863,2.0,972160.0,100.0,0.0,0.0
dang,pr299_gen3_m3.txt,300,3,1,334.0,334.0,334.0,0.0,2.435434000002715,2.435434000002715,2.0,972160.0,100.0,0.0,0.0
dang,pr299_gen3_m4.txt,300,4,1,380.0,380.0,380.0,0.0,1.9759587999978976,1.9759587999978976,2.0,972160.0,100.0,0.0,0.0
dang,rat195_gen2_m2.txt,196,2,1,1008.0,1008.0,1008.0,0.0,3.0936139000004914,3.0936139000004914,2.0,622720.0,100.0,0.0,0.0
dang,rat195_gen3_m3.txt,196,3,1,442.0,442.0,442.0,0.0,2.9199507999983325,2.9199507999983325,2.0,622720.0,100.0,0.0,0.0
dang,rd400_gen1_m2.txt,401,2,1,16.0,16.0,16.0,0.0,6.700611799999024,6.700611799999024,2.0,1311520.0,100.0,0.0,0.0
dang,rd400_gen1_m3.txt,401,3,1,18.0,18.0,18.0,0.0,6.807599700001447,6.807599700001447,2.0,1311520.0,100.0,0.0,0.0
dang,rd400_gen1_m4.txt,401,4,1,20.0,20.0,20.0,0.0,6.358478500002093,6.358478500002093,2.0,1311520.0,100.0,0.0,0.0
dang,rd400_gen2_m2.txt,401,2,1,1076.0,1076.0,1076.0,0.0,6.6536205999982485,6.6536205999982485,2.0,1311520.0,100.0,0.0,0.0
dang,rd400_gen2_m3.txt,401,3,1,1261.0,1261.0,1261.0,0.0,7.003700100001879,7.003700100001879,2.0,1311520.0,100.0,0.0,0.0
dang,rd400_gen2_m4.txt,401,4,1,1436.0,1436.0,1436.0,0.0,6.175614299998415,6.175614299998415,2.0,1311520.0,100.0,0.0,0.0
dang,rd400_gen3_m2.txt,401,2,1,395.0,395.0,395.0,0.0,6.552097899999353,6.552097899999353,2.0,1311520.0,100.0,0.0,0.0
dang,rd400_gen3_m3.txt,401,3,1,554.0,554.0,554.0,0.0,6.632278299999598,6.632278299999598,2.0,1311520.0,100.0,0.0,0.0
dang,rd400_gen3_m4.txt,401,4,1,695.0,695.0,695.0,0.0,6.353804000002128,6.353804000002128,2.0,1311520.0,100.0,0.0,0.0
dang,ts225_gen2_m2.txt,226,2,1,944.0,944.0,944.0,0.0,3.4860352000032435,3.4860352000032435,2.0,723520.0,100.0,0.0,0.0
vansteenwegen,bier127_gen1_m2.txt,128,2,1,12.0,12.0,12.0,0.0,3.0617377999988094,3.0617377999988094,4.0,209880.0,100.0,0.0,0.0
vansteenwegen,bier127_gen1_m3.txt,128,3,1,22.0,22.0,22.0,0.0,3.0348610000000917,3.0348610000000917,4.0,209880.0,100.0,0.0,0.0
vansteenwegen,bier127_gen2_m2.txt,128,2,1,955.0,955.0,955.0,0.0,1.9567250000000058,1.9567250000000058,2.0,394240.0,100.0,0.0,0.0
vansteenwegen,bier127_gen2_m3.txt,128,3,1,1173.0,1173.0,1173.0,0.0,1.9680775000015274,1.9680775000015274,2.0,394240.0,100.0,0.0,0.0
vansteenwegen,bier127_gen2_m4.txt,128,4,1,1338.0,1338.0,1338.0,0.0,1.8789103000017349,1.8789103000017349,2.0,394240.0,100.0,0.0,0.0
vansteenwegen,bier127_gen3_m2.txt,128,2,1,303.0,303.0,303.0,0.0,1.867271700000856,1.867271700000856,2.0,394240.0,100.0,0.0,0.0
vansteenwegen,bier127_gen3_m3.txt,128,3,1,402.0,402.0,402.0,0.0,2.057785500001046,2.057785500001046,2.0,394240.0,100.0,0.0,0.0
vansteenwegen,bier127_gen3_m4.txt,128,4,1,433.0,433.0,433.0,0.0,2.006731799996487,2.006731799996487,2.0,394240.0,100.0,0.0,0.0
vansteenwegen,cmt101c_m3.txt,102,3,1,630.0,630.0,630.0,0.0,4.875459099999716,4.875459099999716,8.0,1207360.0,100.0,0.0,0.0
vansteenwegen,cmt151b_m3.txt,152,3,1,579.0,579.0,579.0,0.0,6.299671699998726,6.299671699998726,8.0,1877680.0,100.0,0.0,0.0
vansteenwegen,cmt151c_m2.txt,152,2,1,385.0,385.0,385.0,0.0,6.943209400000342,6.943209400000342,8.0,1881040.0,100.0,0.0,0.0
vansteenwegen,cmt151c_m3.txt,152,3,1,586.0,586.0,586.0,0.0,6.971659599999839,6.971659599999839,8.0,1876000.0,100.0,0.0,0.0
vansteenwegen,cmt151c_m4.txt,152,4,1,644.0,644.0,644.0,0.0,7.1414644999968,7.1414644999968,8.0,1876000.0,100.0,0.0,0.0
vansteenwegen,cmt200b_m2.txt,201,2,1,375.0,375.0,375.0,0.0,3.0523474000001443,3.0523474000001443,2.0,639520.0,100.0,0.0,0.0
vansteenwegen,cmt200b_m3.txt,201,3,1,428.0,428.0,428.0,0.0,2.8723605000013777,2.8723605000013777,2.0,639520.0,100.0,0.0,0.0
vansteenwegen,cmt200b_m4.txt,201,4,1,472.0,472.0,472.0,0.0,2.2232081000001926,2.2232081000001926,2.0,639520.0,100.0,0.0,0.0
vansteenwegen,cmt200c_m2.txt,201,2,1,375.0,375.0,375.0,0.0,3.147982200000115,3.147982200000115,2.0,639520.0,100.0,0.0,0.0
vansteenwegen,cmt200c_m3.txt,201,3,1,428.0,428.0,428.0,0.0,3.2250071999987995,3.2250071999987995,2.0,639520.0,100.0,0.0,0.0
vansteenwegen,cmt200c_m4.txt,201,4,1,472.0,472.0,472.0,0.0,2.9924511999997776,2.9924511999997776,2.0,639520.0,100.0,0.0,0.0
vansteenwegen,eil101b_m3.txt,102,3,1,350.0,350.0,350.0,0.0,1.2838914999992994,1.2838914999992994,2.0,306880.0,100.0,0.0,0.0
vansteenwegen,eil101c_m2.txt,102,2,1,297.0,297.0,297.0,0.0,1.5223877999997057,1.5223877999997057,2.0,306880.0,100.0,0.0,0.0
vansteenwegen,eil101c_m3.txt,102,3,1,350.0,350.0,350.0,0.0,1.5834298000008857,1.5834298000008857,2.0,306880.0,100.0,0.0,0.0
vansteenwegen,gil262_gen1_m3.txt,263,3,1,18.0,18.0,18.0,0.0,2.2005745000024035,2.2005745000024035,2.0,847840.0,100.0,0.0,0.0
vansteenwegen,gil262_gen1_m4.txt,263,4,1,20.0,20.0,20.0,0.0,0.8646131999994395,0.8646131999994395,2.0,847840.0,100.0,0.0,0.0
vansteenwegen,gil262_gen2_m2.txt,263,2,1,1153.0,1153.0,1153.0,0.0,4.26923049999823,4.26923049999823,2.0,847840.0,100.0,0.0,0.0
vansteenwegen,gil262_gen2_m3.txt,263,3,1,1333.0,1333.0,1333.0,0.0,2.2883268000005046,2.2883268000005046,2.0,847840.0,100.0,0.0,0.0
vansteenwegen,gil262_gen3_m2.txt,263,2,1,417.0,417.0,417.0,0.0,4.114830999998958,4.114830999998958,2.0,847840.0,100.0,0.0,0.0
vansteenwegen,gil262_gen3_m4.txt,263,4,1,517.0,517.0,517.0,0.0,0.7989144000021042,0.7989144000021042,2.0,847840.0,100.0,0.0,0.0
vansteenwegen,gil262a_m2.txt,251,2,1,1064.0,1064.0,1064.0,0.0,2.9346041999997396,2.9346041999997396,2.0,807520.0,100.0,0.0,0.0
vansteenwegen,gil262a_m4.txt,251,4,1,1345.0,1345.0,1345.0,0.0,0.7553493999985221,0.7553493999985221,2.0,807520.0,100.0,0.0,0.0
vansteenwegen,gil262b_m2.txt,251,2,1,1064.0,1064.0,1064.0,0.0,3.77844240000195,3.77844240000195,2.0,807520.0,100.0,0.0,0.0
vansteenwegen,gil262b_m3.txt,251,3,1,1245.0,1245.0,1245.0,0.0,3.797562099996867,3.797562099996867,2.0,807520.0,100.0,0.0,0.0
vansteenwegen,gil262b_m4.txt,251,4,1,1408.0,1408.0,1408.0,0.0,2.888283700001921,2.888283700001921,2.0,807520.0,100.0,0.0,0.0
vansteenwegen,gil262c_m2.txt,251,2,1,1064.0,1064.0,1064.0,0.0,3.827441200002795,3.827441200002795,2.0,807520.0,100.0,0.0,0.0
vansteenwegen,gil262c_m3.txt,251,3,1,1245.0,1245.0,1245.0,0.0,3.935735700000805,3.935735700000805,2.0,807520.0,100.0,0.0,0.0
vansteenwegen,gil262c_m4.txt,251,4,1,1408.0,1408.0,1408.0,0.0,3.9656505000020843,3.9656505000020843,2.0,807520.0,100.0,0.0,0.0
vansteenwegen,gr229_gen1_m4.txt,230,4,1,20.0,20.0,20.0,0.0,3.64469950000057,3.64469950000057,2.0,736960.0,100.0,0.0,0.0
vansteenwegen,gr229_gen2_m3.txt,230,3,1,1183.0,1183.0,1183.0,0.0,3.6066920999983267,3.6066920999983267,2.0,736960.0,100.0,0.0,0.0
vansteenwegen,gr229_gen2_m4.txt,230,4,1,1340.0,1340.0,1340.0,0.0,3.634084499997698,3.634084499997698,2.0,736960.0,100.0,0.0,0.0
vansteenwegen,gr229_gen3_m3.txt,230,3,1,323.0,323.0,323.0,0.0,3.483686100000341,3.483686100000341,2.0,736960.0,100.0,0.0,0.0
vansteenwegen,gr229_gen3_m4.txt,230,4,1,401.0,401.0,401.0,0.0,3.6229779999994207,3.6229779999994207,2.0,736960.0,100.0,0.0,0.0
vansteenwegen,kroA150_gen2_m2.txt,151,2,1,1031.0,1031.0,1031.0,0.0,2.0330589999975928,2.0330589999975928,2.0,471520.0,100.0,0.0,0.0
vansteenwegen,kroA150_gen3_m3.txt,151,3,1,624.0,624.0,624.0,0.0,1.1069747999972606,1.1069747999972606,2.0,471520.0,100.0,0.0,0.0
vansteenwegen,kroA200_gen1_m4.txt,201,4,1,20.0,20.0,20.0,0.0,1.1270266999999876,1.1270266999999876,2.0,639520.0,100.0,0.0,0.0
vansteenwegen,kroB200_gen1_m2.txt,201,2,1,16.0,16.0,16.0,0.0,3.0038297999999486,3.0038297999999486,2.0,639520.0,100.0,0.0,0.0
vansteenwegen,kroB200_gen2_m2.txt,201,2,1,1105.0,1105.0,1105.0,0.0,2.9573829999972077,2.9573829999972077,2.0,639520.0,100.0,0.0,0.0
vansteenwegen,kroB200_gen2_m4.txt,201,4,1,1455.0,1455.0,1455.0,0.0,1.122582500000135,1.122582500000135,2.0,639520.0,100.0,0.0,0.0
vansteenwegen,kroB200_gen3_m2.txt,201,2,1,447.0,447.0,447.0,0.0,3.0270872000000963,3.0270872000000963,2.0,639520.0,100.0,0.0,0.0
vansteenwegen,kroB200_gen3_m3.txt,201,3,1,508.0,508.0,508.0,0.0,1.475793400000839,1.475793400000839,2.0,639520.0,100.0,0.0,0.0
vansteenwegen,pr136_gen1_m2.txt,137,2,1,16.0,16.0,16.0,0.0,6.159042999999656,6.159042999999656,8.0,1686160.0,100.0,0.0,0.0
vansteenwegen,pr136_gen2_m2.txt,137,2,1,959.0,959.0,959.0,0.0,2.0274118999986968,2.0274118999986968,2.0,424480.0,100.0,0.0,0.0
vansteenwegen,pr264_gen1_m4.txt,265,4,1,20.0,20.0,20.0,0.0,3.0120297000030405,3.0120297000030405,2.0,854560.0,100.0,0.0,0.0
vansteenwegen,pr264_gen2_m2.txt,265,2,1,960.0,960.0,960.0,0.0,3.8534269999981916,3.8534269999981916,2.0,854560.0,100.0,0.0,0.0
vansteenwegen,pr264_gen2_m3.txt,265,3,1,1143.0,1143.0,1143.0,0.0,3.832574600000953,3.832574600000953,2.0,854560.0,100.0,0.0,0.0
vansteenwegen,pr264_gen2_m4.txt,265,4,1,1297.0,1297.0,1297.0,0.0,2.907285099998262,2.907285099998262,2.0,854560.0,100.0,0.0,0.0
vansteenwegen,pr264_gen3_m3.txt,265,3,1,396.0,396.0,396.0,0.0,3.797628199998144,3.797628199998144,2.0,854560.0,100.0,0.0,0.0
vansteenwegen,pr299_gen1_m2.txt,300,2,1,16.0,16.0,16.0,0.0,4.716309999999794,4.716309999999794,2.0,972160.0,100.0,0.0,0.0
vansteenwegen,pr299_gen1_m3.txt,300,3,1,18.0,18.0,18.0,0.0,2.3672907000000123,2.3672907000000123,2.0,972160.0,100.0,0.0,0.0
vansteenwegen,pr299_gen1_m4.txt,300,4,1,20.0,20.0,20.0,0.0,1.897448700001405,1.897448700001405,2.0,972160.0,100.0,0.0,0.0
vansteenwegen,pr299_gen2_m3.txt,300,3,1,1133.0,1133.0,1133.0,0.0,2.4141515999981493,2.4141515999981493,2.0,972160.0,100.0,0.0,0.0
vansteenwegen,pr299_gen2_m4.txt,300,4,1,1280.0,1280.0,1280.0,0.0,1.9309118000019225,1.9309118000019225,2.0,972160.0,100.0,0.0,0.0
vansteenwegen,pr299_gen3_m2.txt,300,2,1,306.0,306.0,306.0,0.0,4.644283799996629,4.644283799996629,2.0,972160.0,100.0,0.0,0.0
vansteenwegen,pr299_gen3_m3.txt,300,3,1,334.0,334.0,334.0,0.0,2.403236400001333,2.403236400001333,2.0,972160.0,100.0,0.0,0.0
vansteenwegen,pr299_gen3_m4.txt,300,4,1,380.0,380.0,380.0,0.0,1.9368595000014466,1.9368595000014466,2.0,972160.0,100.0,0.0,0.0
vansteenwegen,rat195_gen2_m2.txt,196,2,1,1008.0,1008.0,1008.0,0.0,3.0918859999983397,3.0918859999983397,2.0,622720.0,100.0,0.0,0.0
vansteenwegen,rat195_gen3_m3.txt,196,3,1,442.0,442.0,442.0,0.0,2.8260349000011047,2.8260349000011047,2.0,622720.0,100.0,0.0,0.0
vansteenwegen,ts225_gen2_m2.txt,226,2,1,944.0,944.0,944.0,0.0,3.4578958000020066,3.4578958000020066,2.0,723520.0,100.0,0.0,0.0
